1.0877,-0.66113,-0.99506,-1.517,-0.40861,0.072032,-0.15758,-0.05939,0.084553,-0.011167,0.026399,-0.020851,-0.022661,0.0019166,0.0057003,0.00089925,-0.010182,0.011428,0.0053027,-0.002863,-0.0066008,0.00034386,-0.0014585,0.00090667,-0.00053499,-0.0034529,-0.00021317,0.0020127,-0.00094968,0.0010075,0.00060926,-2.6375e-05,5.7381e-05,-7.3592e-05,-0.00038566,0.0008877,0.0003301,-0.0003855,0.00085179,-0.00018986,-0.00053674,0.00015141,-0.00056877,0.00031839,0.00015128,-0.00049913,0.00041793,7.1321e-05,0.00010607,0.00047416,0.0002148,-8.1331e-05,0.00016039,0.00027257,6.7767e-05,-0.00046673,-0.00031111,-0.00023771,-0.00011054,5.2618e-06,0.00010619,0.00017791,-5.008e-06,0.00019594,3.6934e-05,0.00023635,2.257e-05,0.0001276,-9.9249e-05,9.4426e-05,1.338e-05,-1.7324e-05,6.5387e-05,-7.3305e-05,4.399e-05,-2.3252e-05,3.2393e-05,-3.2617e-05,0.00011085,-3.7403e-05,-3.8648e-05,1.2861e-05,4.3929e-05
1.0089,-0.59704,-0.35432,0.068071,0.1499,0.068458,0.091022,-0.12517,-0.27337,0.12256,-0.13464,0.22116,-0.044378,0.0030109,0.028164,0.017616,-0.025319,0.012675,-0.020898,0.00096093,-0.028217,-0.021524,0.0080719,-0.0013377,-0.0047763,-0.0078107,-0.0064419,-0.00081879,0.007131,-0.0029929,-0.0059487,0.0050772,-0.0025961,0.00022067,0.0045577,0.006786,0.0032067,-0.0035733,-0.014158,0.0079065,-0.0014022,0.0075888,-0.0020374,0.00042025,-0.0093314,-0.001728,-0.0042371,-0.002294,0.0088245,0.00080415,-0.0052607,0.0088499,0.004508,-0.0030885,-0.013928,-0.0049371,-0.0040578,-0.0080861,0.0035138,-0.0049908,-0.0090979,0.0031564,0.011995,-0.0030638,0.00051423,0.00089883,-0.0082749,-0.0034375,0.007677,0.0036307,0.012054,0.0068166,-0.00014298,0.00067146,-0.0042603,-0.00026857,0.00087881,-0.00068039,0.00072102,0.0013541,-0.0026668,-0.00011726,8.6804e-05
0.67685,-0.73206,-0.37466,0.054575,0.2298,0.099715,0.022058,-0.1461,-0.32713,0.049002,-0.16291,0.24728,-0.052002,0.016991,0.010904,0.014942,-0.019606,0.029536,0.0057113,-0.010396,-0.019123,-0.0091565,0.012957,-0.0025316,-0.0033049,-0.0019726,-0.0025089,0.006584,-0.0023193,0.0086476,0.0097743,-0.0043501,-0.0043242,0.002854,0.00029864,-0.007047,-0.001603,0.0038825,0.012562,-0.0029298,-0.0015577,-0.0077474,-0.0010469,0.0013757,0.0080597,-0.00143,0.0027672,0.0040971,-0.0080107,-0.00093958,0.0033792,-0.010076,-0.0039722,0.0027207,0.013684,0.00094649,0.0024386,0.0061711,-0.0022613,0.0063217,0.0081374,-0.0021056,-0.011855,0.0024652,2.9875e-05,-0.00041462,0.0072803,0.0045613,-0.0076191,-0.0030636,-0.010877,-0.0056388,0.00052982,-0.00096261,0.0039563,-0.00029806,-0.00058849,0.00030026,0.00021569,-0.0015277,0.0022357,0.00010571,-0.00014465
0.51298,-0.485,-0.17739,-0.035377,0.10771,0.082978,-0.0045072,0.082002,-0.11645,-0.073423,-0.032988,0.015869,-0.0057173,-0.040161,-0.016235,0.02067,0.12091,-0.16144,-0.028831,-0.0016959,0.032316,0.05718,-0.02659,0.0059023,0.024052,0.023937,0.0078122,-0.029152,0.0064634,-0.0098868,-0.0075956,-0.0062183,-0.0011382,-0.0028708,0.0041771,0.0020182,0.0014134,0.005496,0.005721,-0.0033665,0.011819,0.0055373,0.0025806,-0.0039752,-0.0074205,-0.0010574,-0.0054534,-0.0092273,-0.0057321,0.01235,-0.0084333,-0.014358,-0.0025297,-0.0018707,0.0073407,0.0043589,-0.0028008,0.0041354,-0.0080924,0.0023132,-0.0062533,0.0032979,-0.0077677,-0.0060187,0.0035054,-0.00035971,-0.0036474,0.0021441,-0.0024648,0.0017508,0.0041384,0.0035202,0.0017411,-0.0011247,-0.0016325,-0.0028582,0.00086482,-0.00063042,0.0019419,0.00027406,-0.001752,7.7857e-05,0.00039359
0.71148,-0.28681,-0.32532,0.014751,0.074477,0.093746,0.14993,0.046619,-0.0182,0.016994,-0.052052,-0.023452,0.013019,-0.04886,-0.017986,0.018543,0.075591,-0.094394,-0.057193,7.0127e-05,0.064993,-0.015806,0.028924,-0.0060656,-0.015627,0.016418,0.00034548,-0.01319,0.014767,-0.0089017,-0.00026276,0.0058076,0.0059139,-0.0064563,0.0023732,-0.0043026,-0.0069078,0.0027346,-0.017002,0.0051638,0.0020547,-0.0074831,0.013212,-0.00014816,0.0060332,0.0034952,0.00211,0.0070013,0.0083254,-0.019427,0.0078779,0.018186,0.00038593,-0.00089124,-0.0049028,0.004019,0.008313,0.0010681,0.0096847,-0.0061767,0.008626,-0.0078658,0.0089149,0.0077908,-0.0041562,-0.0017264,0.0066491,-0.0045112,0.0050912,-0.0023133,-0.0055997,-0.0056331,-0.0021062,0.0031262,0.0012896,0.0044797,-0.00131,0.00038334,-0.0043838,-0.00044893,0.0028198,-0.00045769,-0.00044606
0.57098,-0.21081,-0.22684,0.16459,0.073607,0.11593,0.11117,-0.027218,0.087457,0.025997,-0.026115,-0.082985,-0.059434,-0.027627,-0.017295,-0.035789,-0.02105,-0.038901,0.0030281,-0.019,-0.025312,-0.042098,0.017696,0.0091097,-0.029823,-0.033623,-0.0028091,-0.0077796,-0.0079744,0.0089679,0.013647,0.023995,0.0359,-0.0059537,-0.0026645,0.015754,-0.026138,-0.015226,0.019364,-0.011511,0.0070571,-0.003258,0.0036328,0.0069031,0.0015315,0.0025054,0.0023164,-0.0030949,0.0026933,0.0046986,0.017889,0.0075515,0.0006149,0.016555,0.015645,0.0085872,-0.010923,0.00080066,-0.015552,-0.011524,0.0022036,0.0094217,-0.00016247,0.00020992,4.2775e-05,0.0035042,-0.001476,-7.1499e-05,-0.00059369,0.0019492,0.0038382,0.001296,5.9152e-05,0.0011399,-0.0014396,0.00034553,0.00018116,0.0036019,0.00043921,0.0014622,-0.001079,0.0011132,-0.00045546
0.36926,-0.36697,0.033164,0.077922,0.10259,0.13966,-0.085771,0.06559,-0.07168,-0.064166,0.021127,-0.12295,-0.15423,0.04977,-0.0042206,-0.038925,-0.014936,0.026516,0.0022615,-0.019573,-0.042749,-0.0058987,-0.019621,0.01106,-0.0081312,0.027594,-0.00053314,0.00013454,0.0029413,0.0020183,-0.01251,-0.007156,-0.03772,0.012223,0.0088749,0.0060485,0.00090185,0.0035217,-0.026362,0.015768,-0.014945,0.0030587,0.010284,-0.011877,-0.0019465,-0.0094543,-0.011005,-0.01019,0.004693,0.0037576,0.008649,0.0079034,-0.0040487,-0.0092858,0.00094349,0.016382,-0.0033704,0.009767,-0.0025085,-0.0082075,0.0085893,0.0031132,-0.0050579,0.0014888,0.0019867,-0.0014187,-0.0027982,0.0023432,-0.001388,0.0055065,0.0040597,-0.0063385,0.002611,0.0033134,0.0058406,0.00080195,0.0064498,-0.0024996,-0.0027464,-0.00097012,-0.0017785,4.8996e-05,-0.0013235
-0.19882,-0.46633,-0.14717,0.10025,0.18186,0.16531,-0.11794,-0.039895,-0.072262,-0.13007,-0.039932,-0.13926,-0.13881,0.01074,-0.04944,-0.051836,-0.026908,-0.0094805,-0.0051581,-0.0084894,-0.023099,0.014503,-0.022197,-0.036097,-0.020867,0.029942,0.019261,0.021936,0.00074665,-0.0043328,-0.0027455,-0.010243,-0.0076515,0.0016549,-0.017241,-0.0023643,-0.006254,-0.0018339,-0.0034075,5.2623e-05,-0.012756,-0.00081156,0.00040452,-0.0037115,0.01325,-0.0051032,0.004125,0.00058538,-0.010833,-0.0018437,0.012492,-0.0079588,0.0011892,0.0031807,-0.0041244,-0.0069764,0.0010201,0.0018877,0.004518,0.0016928,-0.0064736,-0.0030421,0.0024392,-0.00052068,-0.004971,-0.0086173,0.00286,-0.0047222,0.0012552,-0.0050761,-0.0012621,0.0089503,-0.0065873,-0.0047002,-0.010082,0.00029245,-0.0079992,0.003901,0.0044709,0.0017896,0.0021949,0.00034324,0.00060393
0.65956,-0.41029,-0.12484,0.15161,0.060946,0.0084494,-0.040279,0.0068819,-0.012479,-0.045279,0.12266,0.004838,0.069675,-0.13386,0.022562,0.048352,-0.0062631,-0.049118,0.035648,-0.032645,-0.024663,0.024536,-0.021831,0.027172,-0.0010917,-0.061454,0.0056563,0.012881,0.00092146,-0.016316,0.012017,-0.0098587,-0.016692,0.01516,-0.0065684,0.018249,0.014194,-0.020119,-0.0083407,0.015541,-0.031871,0.0050761,0.0027794,-0.0090135,0.018448,-0.0016386,-0.0042417,0.0034779,0.0087361,-0.0077463,-0.0046367,0.0067469,-0.0042402,0.013545,0.0023188,-0.010019,-0.001498,-0.00068014,0.0054362,0.0058364,-0.004225,0.0024015,-0.0063465,0.0028522,0.0023225,0.0052065,-0.0010786,-0.001797,-0.0027999,0.00049186,-0.0019934,-0.00037029,-0.001856,0.0030611,-6.9576e-05,-0.00023629,-0.0013277,0.00011422,-0.00075213,0.00048333,-0.000786,-0.00010902,-0.00059009
1.1166,-0.21424,-0.063811,0.021396,0.083468,0.061674,0.082152,0.23695,-0.11506,0.10894,0.14582,-0.046558,-0.0078431,0.010485,0.01528,0.027121,0.09203,0.12318,-0.010027,-0.039328,0.064033,-0.027537,0.027108,0.056173,-0.015344,0.01125,-0.016698,-0.024197,0.0080078,-0.014428,0.012293,-0.012728,0.0031873,0.01839,0.00055228,-0.0038216,0.0031256,0.0041732,0.0087988,-0.016196,-0.0095277,-0.0009557,-0.0006975,0.002089,0.0062778,0.0035631,-0.002297,0.00018826,-0.020046,-0.0069641,0.014265,-0.0039538,0.00063202,-0.0011449,-0.00218,-0.0066516,-0.0018442,0.0028286,-0.00070737,0.00081173,-0.0062526,-0.002866,-0.00038962,-2.7469e-05,0.0018265,-0.00078787,-0.0045393,0.00022488,-0.0028408,0.00050118,0.0026703,0.0036836,-0.0023554,-0.0007498,-0.00059088,0.00020959,0.0022055,-6.8859e-05,0.0018061,0.0013235,-0.0011723,0.00056001,0.00022491
0.57287,-0.33211,-0.17285,0.12717,0.073097,0.09756,0.070052,0.017466,0.020366,0.020646,-0.01039,-0.097385,-0.070291,0.0041777,-0.011927,-0.062388,-0.0086789,-0.021335,0.019312,-0.015592,0.0024465,0.0092149,0.016302,-0.0078506,-0.01518,-0.041858,0.0033786,0.013493,0.0027676,-0.02455,0.010632,0.00062141,0.027376,-0.010457,0.0034025,0.0078662,0.0063442,-0.0037144,0.0045533,-0.0025558,-0.0023883,0.0085158,-0.016335,0.0027687,7.2126e-05,0.0062868,-0.0013655,0.00076045,-0.0087436,-0.0024614,-0.019362,-0.0011764,0.00805,-0.0096768,-0.0031555,-0.0044323,0.00089334,-0.0034033,0.012181,0.0018861,0.0024414,-0.0016953,0.00045326,-0.010118,-0.00051133,-0.015231,0.0048399,0.0067197,-0.0029459,-0.0055089,0.0076197,-0.0036173,0.0016433,-0.0054081,0.0097537,-0.001184,0.0068697,0.002621,-0.0027978,-0.0022238,0.0011301,-0.0019813,-0.00023621
1.0672,-0.24854,0.023965,0.075358,0.065775,0.10453,0.045923,0.15881,-0.009044,0.020214,0.043229,-0.066428,-0.099148,0.026313,-0.014116,-0.038284,0.045099,0.013613,0.038958,-0.02247,-0.052571,-0.014014,-0.0084864,0.055818,0.010331,-0.028519,-0.010482,-0.016487,-0.0031117,0.015753,-0.015253,0.0091502,-0.0017887,0.021916,0.010151,0.0068703,0.0057367,0.0055057,0.017289,0.0073988,0.015498,0.0017663,-0.008031,0.0040353,-0.021296,-0.0011144,-0.0035244,-0.0003054,0.015843,0.0070904,-0.017919,-0.0042615,0.0014821,-0.0048688,0.0035091,0.0029516,0.0069884,-0.0056035,0.0028542,0.0099627,0.0083703,-0.0045266,0.0031138,0.0039401,-0.005245,0.001212,0.0045811,-0.0027245,0.007462,-0.0019481,-0.0058916,-0.0011275,-0.0011029,0.00077581,-0.0071152,0.0019959,-0.0082452,-0.0010742,0.00081069,0.0011552,0.00040445,-2.6833e-06,-0.00025306
0.47592,-0.18941,-0.090444,0.068668,0.075134,0.14318,0.11601,0.074529,0.050489,0.025327,-0.061674,-0.11306,-0.10042,0.046078,-0.048652,-0.063446,0.0073995,-0.015589,0.015049,-0.0028794,-0.019287,-0.019774,0.0040822,-0.029978,-0.0045922,0.011142,0.0031763,0.014336,-0.0033695,-0.017644,-0.0022155,-0.0013527,0.0086225,-0.015477,-0.0031879,-0.011222,0.011612,0.002495,-0.0079636,-0.0024768,0.010536,-0.0039897,0.00024719,0.0089623,0.0045595,0.0020065,0.005799,0.0073847,-0.0024117,-0.002815,-0.0068705,-0.0024287,-0.0027635,0.00087042,-0.0066196,-0.019779,0.0014495,-0.008195,-0.0024495,0.00398,-0.010455,-0.0021617,-0.001568,0.0061661,0.0081569,0.02133,-0.0057541,0.0015242,-0.0026911,0.004423,-0.0073651,-0.00098651,0.0049582,0.0045578,0.00357,-0.0024457,0.0023772,-0.0063075,-0.00057649,-0.0016246,-0.0005885,0.00047086,0.0014936
0.58423,-0.25443,-0.088429,0.085375,0.0043162,0.0053157,0.06304,0.029585,0.018994,0.06193,0.043443,-0.0039712,0.020992,-0.0097571,0.026844,0.0012733,-0.010224,0.00047135,0.0091089,-0.0093067,-5.068e-05,0.0044466,0.0079276,-0.01063,-0.00041918,0.0061747,0.027208,-0.0044894,0.0017797,0.0031013,-0.022062,0.0062499,-0.014008,0.0026814,0.0019718,-0.0082196,-0.0026756,-0.0060429,0.00019312,-0.010684,0.010923,0.003334,-0.0039028,0.0034225,-0.0054756,-0.00016135,0.012145,-0.0056713,0.0048081,0.0049021,0.0084913,0.0046857,0.016238,0.014407,-0.030567,0.0059936,0.0077371,0.002261,-0.0095626,0.013412,-0.0050973,0.015132,-0.0058102,-0.001031,-0.0080439,-0.0070756,0.00038573,-0.0088365,-0.0084455,-0.0046523,-0.0023855,-0.0044894,0.0031862,0.00054804,0.0046951,0.0009295,-0.0023083,-0.0030468,-0.0015588,0.00012705,-0.0026265,-0.0013092,-0.00040748
-0.18771,-0.16845,-0.068642,0.034102,0.01757,0.046217,0.090041,0.038784,0.05128,0.1133,0.028109,0.0094077,0.029072,0.0083412,0.01159,-0.00024637,0.0060981,0.024777,0.05992,-0.070923,0.057048,0.043802,0.046961,-0.019775,0.0018202,-0.010727,0.019877,0.032141,-0.011034,0.0062449,-0.0064343,0.026717,-0.018203,-0.030902,0.027615,0.0065117,0.0080039,-0.0047381,-0.010197,0.0031797,0.0045185,0.0027995,0.0099708,0.004375,8.6995e-05,-0.0086442,-0.0050278,0.0005402,0.0029624,0.0018416,-0.0031044,0.0030699,-0.0095263,-0.01179,0.0053815,-0.00016985,-0.0033143,0.0089001,-0.0036645,-0.006921,0.0018523,0.0029545,0.0016104,-0.0015064,0.0021674,0.0010678,-0.0072538,-0.0046195,0.00052095,0.00040973,-0.0036327,-0.0010535,-0.0014801,-0.010991,0.0016218,-0.0030943,-0.0088445,0.00097141,0.0042482,5.9272e-05,0.00060424,-0.00059112,0.0015703
-0.36169,-0.37473,-0.0039121,0.046033,0.064148,0.0087562,-0.095278,0.0049044,-0.053441,-0.034784,0.070365,0.0093281,0.028043,-0.011318,0.022787,0.024331,-0.018307,0.0046883,0.033288,-0.041631,0.020075,0.049212,0.010237,-0.0067552,-0.015574,-0.0021939,0.0357,0.024338,0.0029117,0.023102,-0.031925,0.016342,-0.0216,-0.0032556,0.016062,0.0017212,0.0046065,-0.012936,0.010785,-0.018797,0.024215,-0.0011495,0.01019,0.0094742,-0.00016249,-0.0092676,0.0036122,-0.0022082,-0.0011244,-0.00011787,0.0091118,-0.0079155,0.0059099,0.0029391,0.00020975,-0.0049072,-0.0055604,-0.010722,0.0052616,-0.0013888,0.00060553,-0.010706,-0.00051838,0.0054814,-0.00024894,0.00077578,0.0090393,0.010035,0.0034003,0.00055345,0.0060422,0.0027475,-0.00024142,0.0094527,-0.0035016,0.0034324,0.0083812,0.00044449,-0.0026762,0.00015814,0.00069986,0.0013785,-0.0014735
-1.1141,-0.13565,0.094454,-0.018238,0.069939,0.10103,-0.15656,-0.039595,-0.027819,-0.0080334,-0.010183,-0.045528,-0.10853,-0.046147,-0.072662,0.027431,0.0095998,0.055718,-0.048622,0.036262,0.030234,-0.014642,0.032269,-0.012775,0.06972,-0.023081,-0.016595,-0.0061857,-0.0028532,0.00098774,0.0025097,0.0011171,-0.0085426,-0.011992,0.0047751,0.00054401,0.015086,-0.0057229,-0.0062232,-0.0013807,0.0066685,0.0041734,0.0013383,0.0010548,-0.005076,0.0082976,0.010403,-0.00098443,0.0088539,-0.00368,-0.0047665,0.0070928,-0.0029016,0.0029644,-0.0066132,0.000513,-0.0029594,-0.00050377,-0.0005688,-0.0058828,-0.0020114,0.0019222,-0.0082171,-0.0015693,0.011536,0.00051281,0.0023325,0.0045853,-0.0053635,-0.0093753,0.0022586,-0.007743,-4.4807e-05,0.0018624,-0.0084958,0.0021425,-0.00087917,0.0069933,0.00014421,0.0054583,-0.002115,0.0012367,0.00031265
-1.1033,-0.40459,0.086851,0.0048745,0.14103,0.075443,-0.29288,-0.044456,-0.13875,-0.12515,0.054709,-0.045016,-0.093903,-0.06075,-0.033466,0.022131,-0.015808,0.018322,-0.044676,0.014702,0.042097,-6.0825e-05,0.029695,-0.0081996,0.061341,-0.034737,0.0010081,0.011563,0.0046278,0.025472,-0.0013327,0.0013054,0.012762,-0.0029123,-0.0066131,-0.0052556,-0.0020632,-0.0012736,0.01721,-0.0030207,-0.0002181,-0.0016722,-0.0037859,-0.0019702,-0.0020879,0.00024419,-0.00017718,0.0073341,-0.0012935,-0.0013643,0.0036405,0.0016874,0.0030643,0.00097833,0.0037599,0.0026725,0.0027071,0.0021954,0.00069855,0.0058789,0.0019786,0.00030655,0.0056358,0.0032654,-0.0092092,0.00026077,-0.0062112,-0.0058926,0.0050613,0.011721,-0.00039411,0.0058688,-0.00081611,-0.0019894,0.0086563,-0.0019244,0.0011143,-0.0072043,-0.0010798,-0.0049956,0.00049644,-0.0012959,-0.00032664
0.16795,-0.28224,-0.18416,0.081028,0.079908,0.073175,0.079905,-0.016057,0.10178,-0.023851,0.017072,0.079795,0.045365,-0.043491,-0.03265,-0.11547,0.019784,0.034873,-0.021095,0.062504,0.038769,0.049838,-0.036369,0.03783,-0.027285,-0.016462,-0.01355,0.023226,-0.010147,0.019828,0.0038927,-0.014047,-0.029802,-0.0044,-0.025196,0.0041803,-0.013948,0.011903,0.0061207,-0.0021691,0.0090485,-0.0083295,0.010154,-0.0011882,0.0013236,0.0094085,0.017583,0.0082025,-0.0012345,-0.0036203,-0.0084738,0.002783,-0.011263,-0.0096543,-0.0065044,-0.0016671,-0.00341,-0.011635,-0.0047189,-0.0044077,0.010876,0.0076534,-0.0015877,-0.00025142,-9.5564e-05,-0.0013557,9.3715e-05,-0.0044462,-0.0046207,0.0028689,0.0025274,0.002322,-0.0029662,-0.00013706,-0.0013724,-0.0022855,0.0015846,-0.0018426,-0.001132,-0.00031852,-0.00046394,0.0013599,0.0010168
0.28818,-0.33523,-0.13528,0.10532,0.078456,0.022461,-0.040286,-0.0013033,-0.0045942,-0.01929,0.080431,-0.0057717,0.040312,-0.021085,7.9172e-06,0.049345,-0.024629,0.016658,0.0031781,-0.032988,-0.010563,0.0063007,-0.0070208,-0.009774,-0.0097972,0.0022317,0.0025984,0.015953,-0.020428,0.010641,0.020058,-0.014241,0.023611,0.0024506,-0.014467,-0.011081,-0.018183,0.010977,-0.0047533,-0.0010725,0.0194,-0.0062763,0.007722,-0.024477,-0.0080211,0.010764,-0.0068571,-0.0089973,0.0067226,0.00027437,-0.0045031,0.0030927,-0.0027393,-0.0045332,-0.0086012,0.0061104,-7.8821e-05,-0.00068241,0.00034897,0.0015223,-0.0054959,-0.0061094,-0.0046087,0.0032277,0.0020121,0.003808,0.002865,-0.0069769,0.0045489,-5.9464e-05,-1.5545e-05,-0.004998,0.0037081,-0.0012691,-8.0845e-05,-0.0052776,0.0068833,0.0036528,0.011784,0.0032198,0.0061673,-0.0059331,-0.0055566
0.35782,-0.37287,-0.15274,0.10417,0.077754,0.013971,-0.010474,0.0033998,-0.00081817,-0.019944,0.068768,-0.0011119,0.059951,-0.00026711,0.0098652,0.040808,-0.030501,0.024458,0.026412,-0.034134,-0.01542,0.0013632,-0.0034652,-0.023303,0.0014678,0.0016255,0.0021777,0.00052632,-0.018229,0.0014539,0.020598,-0.015963,0.028467,-0.0085993,-0.015892,-0.0083569,-0.013653,0.0067458,-0.008161,-0.0055566,0.016665,-0.00024186,0.0077024,-0.019394,-0.0019751,0.010714,-0.0087131,-0.0063131,0.0039029,0.0036401,-0.0067384,-0.0017482,-0.0027748,-0.004486,-0.0045148,0.01243,-0.00304,0.0013212,0.0050361,-0.0026312,-0.0049892,-0.0061726,-0.0024967,0.0027762,0.0022255,-0.0021663,-0.0010205,0.0054059,-0.0063517,0.0017858,0.00069572,0.0023268,-0.0029844,-0.00079808,-0.0033143,0.0063297,-0.0077824,-0.0051887,-0.011172,-0.0048025,-0.0053436,0.0057164,0.0063356
-0.11607,-0.22294,-0.05433,0.078079,0.032327,0.053177,-0.015181,-0.015229,0.071387,-0.013758,0.035399,-0.009814,0.026133,-0.032563,-0.01229,0.050556,-0.0078633,-0.0044104,-0.016844,-0.021595,0.0024708,-0.015384,-0.0051369,0.0094765,-0.0027661,0.018824,-0.016078,0.024243,0.0049712,0.016181,-0.0018967,-0.004663,-0.0040417,0.0063362,0.00068056,-0.016018,-0.0041161,0.013114,-0.00072311,0.016466,0.0097268,0.0061309,-0.019621,-0.0040177,-0.012646,-0.012498,-0.0092052,-0.0013725,0.0025427,0.0027395,6.4324e-05,-0.004884,0.0023254,-0.0004588,0.0049222,-0.015591,0.0023104,0.004455,-0.002111,-0.0042942,0.0020477,0.011854,0.0057466,-0.0026533,0.00072897,0.0049654,0.0066799,-0.0049205,-0.0038374,-0.0010815,-0.0013331,0.0035037,-0.0034479,0.0027768,0.0049284,0.0070453,0.0049634,0.009154,-0.00037278,-0.00028071,0.001287,-0.0032215,0.012574
-0.011673,-0.26765,-0.12547,0.10024,0.039885,0.038528,0.0040389,-0.017806,0.074391,-0.054971,0.036098,-0.030151,0.0553,-0.03126,-0.010204,0.064222,-0.019885,0.0033639,-0.022177,-0.013621,0.0080952,-0.035603,-0.00020673,0.0016019,-0.0076922,0.022616,-0.01857,0.012884,0.011405,0.006284,0.0019546,-0.0054317,0.0042184,-0.0053025,0.0086276,-0.017531,-0.0092446,0.0054584,-0.0071939,0.0095754,0.0054596,0.011221,-0.014119,0.0021953,-0.0021814,-0.016767,-0.0049517,0.0029879,0.003126,0.0020344,-0.002395,-0.0041709,0.0055854,0.00085885,0.0075008,-0.014257,0.0047517,-0.0059462,0.00059586,-0.0086645,0.0081098,0.0064123,0.0012052,0.00078716,0.0023078,-0.0029211,0.0064543,0.0010714,-0.0073143,-0.0002973,7.9683e-06,0.0018469,0.0024471,-0.0053038,-0.0049062,-0.0071626,-0.0016462,-0.0082254,-0.0033502,0.0022274,-0.0054274,0.0014337,-0.012456
-0.097173,-0.25275,-0.064749,0.070335,0.029735,0.060447,0.0096055,-0.02209,0.10872,-0.044856,-0.0028615,0.0035084,0.047797,-0.014686,-0.017685,0.036144,-0.0010883,0.0051345,-0.008106,-0.0045514,-0.020723,-0.025664,-0.011628,-0.00025523,-0.0032055,0.014418,-0.0043417,-0.0064459,-0.0045949,0.0065523,-0.01166,-0.0039718,0.0049041,-0.0042981,0.013421,-0.0072152,-0.011244,-0.0042674,-0.0082933,0.0057368,0.0012796,-0.0048978,0.0028194,0.005593,0.0058119,-0.0032356,0.014554,0.0053083,0.0059207,-0.0012119,5.746e-05,-0.0012056,-0.0026442,0.0019286,0.0024583,-0.00015829,0.0067085,-0.013999,0.0020552,0.0025697,0.0078968,-0.010915,-0.01446,-0.013589,-0.0056929,-0.0011164,-0.017752,0.0042689,0.0027832,0.00014981,-0.00093834,0.0042278,-0.0014164,-0.004023,0.0059093,0.012486,0.00076177,-0.0003774,0.0034285,0.0077172,-0.0018678,-0.0016892,-0.0001807
-0.0094636,-0.21342,-0.057644,0.064294,0.021099,0.059186,0.030233,-0.0018085,0.092475,-0.012639,0.012124,0.00091606,0.041784,-0.014563,-0.0092499,0.028277,-0.0022704,0.021959,-0.011544,-0.0016134,-0.0095612,-0.025246,-0.0043741,0.006155,-0.0016206,0.012001,-0.0075727,-0.004993,0.0036748,0.0073976,-0.0079596,-0.001476,-0.0013744,-0.0020365,0.0089491,-0.0050929,-0.0072964,-0.0054772,-0.0064637,0.00097774,0.00037632,0.0050876,0.0012193,0.0032144,0.005598,-0.0032049,0.0097478,3.7474e-05,0.00057441,0.0022513,0.0041455,0.0026805,0.0067272,-3.4332e-05,0.0018135,0.00097707,0.0074086,-0.0061705,-0.0012033,0.0015903,0.0019028,-0.0060022,-0.0066285,-0.011445,0.0051114,-0.0051171,-0.0062278,0.00252,0.0048378,0.0032069,0.0004165,-0.0022882,-0.00083918,0.009543,-0.0031911,-0.01623,-0.0062637,0.0062714,-0.0026586,-0.012806,0.0033362,-0.0047762,0.0034528
-0.19537,-0.36025,-0.048595,0.055143,0.059124,0.034827,-0.030944,-0.009564,0.034977,-0.085004,0.018746,0.011094,0.054869,-0.0012161,0.0069372,0.029429,-0.010624,-0.010922,0.017541,-0.021185,-0.01489,-0.01448,-0.0075411,-0.0038918,0.001711,0.010118,-0.0028334,-0.0035685,-0.0022748,-0.0067312,0.0040475,-0.0010276,0.00031069,-0.010449,-0.01181,-0.0023516,0.01978,0.0014942,0.011627,0.0027516,0.0060234,-0.0099273,-0.0080009,0.00099973,0.01555,-0.0022529,0.0093379,0.010387,0.00048579,0.00050129,0.0021261,-0.011419,-0.0014378,-0.018868,0.0085237,0.0057531,-0.0044038,0.0012473,-0.0021882,0.0073875,0.00091362,0.0080499,0.014416,0.0090312,-0.0041499,-0.0024315,-0.018208,-0.0037385,-0.0018487,-0.012005,0.0025518,-0.0074075,0.0039229,0.0053583,-0.004368,0.0037022,0.003582,0.0037988,-0.00073625,-0.0039634,-0.00082283,0.00054751,-0.003549
-0.12424,-0.23408,-0.055329,0.072875,0.018039,0.045959,0.022599,-0.031991,0.091499,-0.030639,0.0031388,0.011818,0.051501,-0.023926,-0.0077181,0.027429,-0.0088402,-0.003064,0.0029228,0.0075092,-0.02498,-0.024767,0.0043878,0.0015139,-0.0055701,-0.007519,-0.01056,-0.012079,0.012587,-0.016659,-0.012751,-0.0032384,-0.0041383,6.9469e-05,-0.0023549,0.015029,0.014258,-0.0096221,0.0029992,-0.0016256,0.0088274,-0.0076805,-0.01475,-0.0026035,0.01679,-0.0015913,0.025124,-0.0025505,0.0088071,0.007412,0.0078706,-0.010772,0.0011249,-0.0084908,-0.010927,0.011438,-0.00049794,0.015739,-0.0039047,0.0049698,0.0064037,-0.0067154,0.0092144,-0.0051594,0.02054,0.0031891,0.010634,-0.001718,0.0028435,0.0047002,0.00089322,0.0056358,-0.0035686,-0.0044393,0.0031672,0.001061,0.00046967,-0.0043869,0.0026674,0.00081578,0.0011428,0.00077922,0.00025237
-0.37301,-0.24371,0.0018621,0.040906,0.022287,0.052878,-0.019343,-0.014423,0.064701,-0.049493,0.0053643,0.012513,0.035425,0.011987,0.0064745,0.02749,-0.006547,0.0011147,0.00057861,-0.00060715,-0.0011095,-0.018419,0.011563,-0.0026592,-0.0057641,0.006419,-0.0077323,-0.0057293,0.0099919,-0.010873,-0.00071083,-0.00069673,-0.0045572,0.00064771,-0.0084508,0.0025929,0.0041152,-0.0033059,0.0035551,-0.002927,0.00073022,-0.0016287,-0.0027578,-0.0006446,0.013374,-0.00083813,0.0058736,0.0026098,0.0026735,0.0050702,-0.0022149,-0.0038344,-0.0014717,-0.0022138,0.0028179,-0.00099434,-0.00455,0.0021592,0.0032988,-0.0025187,-0.0013072,-0.0026756,9.5351e-05,0.0020891,-0.015881,-0.0033285,0.0037203,0.0012538,0.004761,0.0043147,0.0025089,-0.0087016,0.0092946,0.00017444,-0.0009616,-0.012213,-0.00018595,-0.0042632,0.00046943,0.01337,-0.0020496,0.0036823,0.011107
-0.36316,-0.064238,0.051164,0.022625,-0.039596,0.07909,0.056754,-0.011969,0.15358,0.023736,-0.033747,0.024021,0.014595,0.0086853,-0.0076488,0.012174,0.003708,0.0043355,0.00029264,0.01678,-0.0027046,-0.034906,0.025534,0.0039948,0.0077458,0.0046579,-0.017958,-0.012719,0.0069181,-0.017024,-0.0091774,0.0094474,-0.015694,0.007506,-0.0059374,0.0013264,0.0071069,-0.0072423,0.0056805,-0.0036337,0.002767,-0.0013637,0.0011518,-0.0080745,0.0041676,0.0032925,0.005286,-0.0013574,0.0066462,0.007125,-0.0075888,-0.0057263,-0.0077053,-0.0091507,-0.002861,-0.0065778,-0.020834,0.0086384,0.0055555,-0.014178,-0.012114,0.0022669,-0.011671,-0.0041187,-0.018131,0.0021103,0.0077887,-0.00075543,0.00066209,-0.00014645,-0.0013736,0.0044393,-6.6596e-05,0.0032889,0.0018712,0.0054091,-0.0028154,-0.0016722,0.00056992,-0.0072593,0.0035072,-0.0036084,-0.0051922
-0.054051,-0.14637,-0.075069,0.067773,-0.027927,0.074709,0.12483,-0.060979,0.22296,0.045189,-0.063915,0.0496,0.04143,-0.010316,-0.0070103,-0.068162,-0.0031877,-0.003602,0.0095531,0.010409,0.041153,0.0018451,0.02263,0.0017878,0.0062366,-0.013426,-0.01241,0.032221,0.0076758,0.0014505,-0.005472,-0.005584,0.0020887,-0.0062281,-0.0010895,-0.027881,-0.00034,0.00841,-0.0072329,0.0092003,-0.0095193,0.017896,-0.026397,0.0039534,-0.0028766,-0.00030162,-0.015912,-0.0066428,-0.0083159,-0.0024433,0.00016163,0.0013155,0.006004,0.0050636,0.0027866,0.014037,-0.0052244,0.011639,-1.5214e-05,0.0091968,-0.00063569,-0.0041289,-0.0066523,0.0044527,0.0018772,-0.0030295,-0.005046,0.0014114,0.0031684,0.00011416,0.0023568,0.0022459,-0.003411,0.011192,-0.0032098,0.0020843,-0.00053288,-0.0049839,0.0040085,0.0035234,0.0052323,0.0050939,-0.0012562
-0.044604,-0.2753,-0.02163,0.061011,0.027614,0.052866,0.00089654,-0.017406,0.089392,-0.037234,0.015822,0.042988,0.017601,-0.018953,-0.0037402,-0.039412,0.0044077,0.020635,-0.025565,0.035061,0.019817,0.01303,-0.0063649,0.024928,-0.01405,-0.00096253,-0.011813,0.0048456,0.013665,0.0031946,-0.019232,-0.019852,-0.017674,2.4809e-05,-0.0077041,-0.0046719,-0.0047465,0.002316,-0.0077928,0.0037382,0.0059609,0.0068223,-0.007553,0.0044561,-0.0001065,-0.0057133,-0.00036489,-0.0081346,0.00031765,0.0078237,0.0023931,0.0031034,0.0035476,0.018886,0.0071563,0.012351,-0.010676,-0.0055084,0.0063162,0.0029259,-0.013774,-0.0085532,0.013743,0.0028622,-0.00085177,0.0038316,-0.00045194,0.0095871,-0.00043422,0.001296,-0.0054959,-0.0057939,0.0081015,-0.011453,0.00307,0.002176,-0.002265,0.0065077,0.0016398,-0.004392,-0.004363,-0.0019653,-0.0010883
-0.26568,-0.24602,0.018439,0.056942,0.011442,0.04648,-0.031892,-0.036328,0.10381,-0.045601,0.00075666,0.043515,0.017073,-0.0047916,-0.011316,-0.022484,-0.0040937,0.017025,-0.0020333,0.025002,-0.014568,0.0041836,-0.022572,0.016182,0.0084067,0.00065903,-0.023759,-0.027333,-0.021233,0.0033777,0.0095772,0.0030631,0.0031351,-0.0097511,0.018415,0.0093738,-0.012982,-0.0138,-0.012308,-0.0076587,0.0044375,0.014754,0.015433,0.0040955,0.0012651,-0.0083414,-0.012849,0.0088584,0.0059794,-0.0078038,0.0056977,-0.0015574,0.00038684,-0.00037834,-0.0013779,-0.010828,0.010093,0.0078532,-0.0027095,0.0046064,-0.003473,-0.0017158,-0.0038313,0.00083384,-0.0014787,-0.0025405,0.0041884,-0.0050882,0.0070548,-0.0072136,0.00026249,0.0013138,0.0067541,-0.0049752,7.4696e-05,0.0013497,0.0068529,-0.00088296,0.0053876,-0.0082887,-0.00034729,0.012481,0.0020748
-0.24404,-0.4231,0.016294,0.033585,0.057096,0.029222,-0.059279,-0.0031674,0.033556,-0.10978,0.018187,0.065709,0.029928,0.040435,0.022508,-0.060497,-0.019047,0.026056,0.021406,0.039334,-0.0079655,0.021821,-0.024959,0.014331,0.012011,-0.0043528,-0.021325,-0.038236,-0.010907,-0.0031554,0.012087,-0.0045767,0.0093915,-0.026902,0.0064814,0.0075197,-0.0032513,-0.012338,-0.010679,-0.014318,0.010751,0.017873,0.012549,0.010379,0.010276,-0.0076053,-0.021167,0.0043224,-0.001155,-0.003876,0.0023376,-0.010165,0.0043398,-0.0027127,-0.00096672,-0.0016814,0.0042528,0.0060296,-0.00021448,-0.00026864,-0.0037306,0.00069993,0.0049658,0.0030304,0.0014993,-0.00079553,0.0010437,-0.0021201,-0.0023237,0.0030496,-0.0018154,0.00074266,-0.0031246,0.0052861,0.0035239,0.0011664,-0.0041559,0.0018137,-0.0056984,0.0085076,0.0019204,-0.011319,-0.0020523
-0.70608,-0.22335,0.092292,0.015016,0.0026565,0.066536,-0.060993,-0.017564,0.062613,-0.024334,0.013392,0.025354,0.0043516,0.031697,0.036665,0.016021,-0.014453,-0.036112,0.00033217,-0.037439,-0.00093142,0.0077898,0.0097598,0.011528,-0.0023647,0.0092644,-0.020125,0.016885,0.0005256,-0.0041593,0.017433,0.016309,-0.0085814,0.005715,-0.017163,0.017682,0.016558,0.026192,-0.017005,0.0027248,-0.0057423,0.003358,0.0058592,0.019514,-0.020114,0.037209,-0.0064178,0.031564,0.006736,0.023159,0.01934,-0.0061541,0.0020372,0.0065938,-0.0024475,-0.0036678,0.0011017,0.00080218,-0.00080109,0.0010347,0.00013478,-0.0037781,-0.00029792,-0.0023312,0.00097801,-0.003093,0.00013238,0.0025776,-3.31e-05,0.00023149,-0.00030723,-0.00019768,-0.001174,-0.0010082,0.00043951,-0.00041852,0.00066875,-0.00036758,-0.00081464,-1.0987e-05,0.00040961,-0.00058851,-0.00118
-0.588,-0.32973,0.088733,0.036804,0.020605,0.045625,-0.10285,-0.03709,0.053804,-0.097751,0.012897,0.026107,0.028519,0.022592,0.029389,0.029771,-0.0276,-0.03214,0.01202,-0.031421,-0.036166,-0.0009209,-0.0075993,0.015066,0.00036677,0.0039554,-0.013555,-0.0077517,0.012662,0.0077613,0.0032226,0.0067001,0.0061076,0.0084996,-0.021634,0.0031217,0.024628,0.024664,0.0094979,-0.0081954,0.0092281,-0.0097012,0.0035272,0.032675,-0.000823,-0.022748,-0.0025698,-0.0014335,-0.023574,-0.013731,-0.010891,0.034429,-0.0063708,-0.0033272,-0.0066128,0.0071918,0.0035987,0.0035449,-0.0025113,-0.002857,-0.0053387,-4.9197e-05,-0.0048223,-0.0020872,0.0008291,0.00071853,0.0020598,0.0015057,-0.00053608,0.00024564,0.00025802,0.0015497,-0.001562,-0.0022886,-0.00067672,-7.1314e-05,-0.00064314,0.00024798,0.0010975,-0.00034501,9.6609e-05,0.00055473,-0.00012987
0.26763,-0.35599,-0.17327,0.11389,0.049301,0.01339,0.01225,-0.059232,0.044083,-0.023143,0.02299,-0.0062304,0.048667,-0.045806,-0.0049365,-0.01182,-0.021701,0.035538,-0.026485,0.03584,0.023792,-0.0082753,-0.027885,-0.019621,-0.0029881,0.023608,0.046004,-0.0048893,-0.0099998,-0.022036,0.026356,-0.0050525,-0.0075359,0.016224,0.010253,0.016023,0.0042239,-0.020118,-0.02237,-0.036459,-0.0091544,-0.032097,-0.023252,0.0080385,-0.031215,-0.004048,-0.0020538,0.0053705,0.002057,0.0038978,-0.010226,0.0052764,0.0025664,-0.0024149,0.012162,0.0017717,0.0013695,0.0052618,0.001838,0.00059035,0.00097017,0.0010865,-0.00068674,0.0027069,-0.00021352,0.0014581,-0.00063316,-0.00013254,0.0017491,0.00074365,-0.0014251,0.0016934,0.00014344,0.0015727,2.1616e-05,-0.00025742,-0.00097751,0.00054569,0.00012444,0.00041287,-0.00033413,-0.00035348,-5.555e-05
0.27955,-0.3047,-0.17662,0.118,0.03878,0.03079,0.039439,-0.073014,0.092516,-0.0023711,0.00076046,0.0057244,0.050754,-0.037438,-0.017809,-0.03787,-0.026832,0.051863,-0.016746,0.047319,0.038694,-0.013429,-0.014605,-0.025419,0.0039239,0.031722,0.054722,-0.0036405,0.0016324,-0.010156,0.028925,0.010951,0.019921,0.031477,0.023232,0.021639,0.026701,0.027224,0.030057,0.031251,0.002637,0.018821,0.022168,0.0004925,0.0089821,-0.0019794,-0.0030937,-0.00474,0.0043581,0.0041264,-0.00078322,-0.00093496,0.0051248,0.002101,-0.00073028,0.0022874,0.0002238,-0.00086213,-0.00013424,0.0011674,0.00056704,0.0010821,5.4489e-05,-0.00064705,-0.00037699,0.002691,0.00066053,0.0022231,0.00090717,0.000747,-0.00018379,0.00043289,-0.00022139,5.9539e-05,0.00014524,0.00042775,0.00018507,9.7743e-05,8.4413e-05,0.00014292,-0.00031337,2.6829e-05,-0.00019698
-0.27704,-0.27893,0.00337,0.071381,0.01074,0.054718,-0.043789,-0.054279,0.10636,-0.052435,-0.010105,0.02032,0.02459,-0.027945,-0.0010544,0.027721,-0.011702,-0.024937,0.005106,-0.0067115,-0.02758,-0.008902,-0.015174,0.006999,0.0069474,-0.0038028,-0.0017551,-0.0062454,-0.012041,0.011944,-0.0054741,0.0092983,0.014696,0.0087567,0.048375,-0.013211,-0.015004,-0.0038214,-0.0034681,0.0014182,-0.030326,0.011174,0.0078249,-0.00031776,-0.020516,0.011918,0.020029,-5.4269e-05,-0.034919,-0.0031171,-0.0010023,-0.008783,-0.018608,-0.0044351,-0.012585,0.0045683,-0.0074241,-0.0031812,0.00065901,0.00090824,-2.4706e-05,0.0011296,0.0090103,0.005492,-0.0011164,0.0027359,0.0038389,0.0011083,-0.0015281,0.00022587,-0.0014205,-0.0020881,0.00026853,0.00072906,0.00028311,-0.00065567,-0.00098023,2.9812e-05,-0.00013831,0.00059178,-0.00075052,-0.00071232,0.00031034
-0.65208,-0.34482,0.073974,-0.048269,0.093244,0.1185,-0.0052094,0.056469,0.092877,-0.12605,-0.064002,0.085126,0.06259,0.051364,-0.0053594,-0.035413,0.044974,-0.0013321,0.073156,-0.008428,-0.01455,0.018271,-0.01299,0.011239,0.037699,0.0086603,0.0094851,-0.010011,-0.010466,0.016137,-0.0085191,-0.0031987,0.00071003,-0.0030764,0.017332,-0.0084641,-0.0089495,0.013388,0.020661,-0.0024338,-0.02391,-0.027153,-0.011131,-0.011646,0.0093661,0.019466,-0.0023855,-0.016704,0.0076012,0.0039903,0.0085398,0.019018,0.019796,-0.0013038,3.7144e-05,-0.015318,0.0019065,0.00073735,0.0019175,-0.0093616,-0.001741,0.0004013,0.0024205,0.0012186,0.0045283,-0.00069298,-0.00042018,0.0019649,0.0011977,-0.0017776,0.0001488,-4.9998e-05,0.0017302,-0.0020421,0.00068221,0.00019773,-1.7389e-05,-0.00066299,-0.0013896,0.00064995,0.00017949,2.9066e-05,-0.00034921
-0.87607,-0.062604,0.10558,0.019498,-0.048709,0.085864,-0.022454,-0.071422,0.15288,0.019202,-0.037627,0.021434,-0.013519,0.018036,0.012768,0.010063,-0.018285,-0.016841,-0.014655,-0.01755,0.0023485,-0.015326,0.034406,0.0061569,-0.010599,-0.0031466,-0.012764,0.0074302,-0.0020086,-0.0065783,0.002081,0.013509,-0.015172,0.014432,-0.023471,-0.002453,0.0061467,0.00040533,-0.00099822,-0.0078857,-0.014618,-0.0087857,0.029894,0.0047523,-0.01498,0.0065872,0.0020676,-0.032719,0.0069039,-0.03123,-0.0090063,-0.026062,0.015339,0.00084783,0.0087143,0.0015475,0.010729,-0.001187,-0.00068889,0.0014573,-0.0011676,0.0026828,0.0036187,-0.0014925,0.0018467,0.00048398,-0.0021944,-0.00011893,-0.0020512,0.0013215,0.0010929,0.00085918,0.00032141,-0.0015991,0.00062812,-0.00053902,-0.00020627,-0.00063792,-0.000193,0.00020807,-0.00053201,-2.2439e-05,3.3083e-05
-0.94239,-0.081216,0.15556,-0.0032272,-0.061639,0.080552,-0.031555,-0.073349,0.16323,0.010814,-0.067989,0.043277,-0.014377,0.03242,0.013711,-0.008599,-0.010979,-0.024779,-0.0012339,0.00065936,0.01438,-0.013539,0.041088,0.0012279,-0.0016587,0.0055859,-0.007421,0.00086648,0.010735,-0.021837,-0.011792,0.010244,-0.012894,0.021307,-0.0035828,0.01664,0.003081,-0.015389,0.016051,-0.013595,0.0046867,-0.0010047,-0.0019028,-0.049384,-0.0020129,-0.010616,-0.024728,0.017168,-0.015069,0.0022641,0.00032665,0.0060083,-0.0055828,0.001635,-0.0062758,-0.00022569,0.0087338,-0.014964,-0.010352,0.0029217,0.0032642,-0.0025098,0.0028316,-0.00076272,0.0034457,-0.0009807,-0.002577,0.0027782,-0.0018428,-0.00017139,-0.0019317,-0.0013036,-0.00097453,-0.0014451,-0.001401,0.0008381,-0.00026333,2.3861e-05,-0.00060218,0.00043517,0.00032945,-0.00067587,0.00022391
-0.74084,2.5743,0.68256,-0.47686,0.29336,0.31787,-0.12894,-0.079782,-0.033174,0.16631,0.086778,0.10037,0.0021462,-0.046874,-0.063714,-0.037106,-0.024009,-0.037168,0.010675,-0.05299,0.0032292,-0.046933,-0.022309,0.009699,-0.0027183,0.0050308,0.021592,0.0012924,0.018202,-0.013789,-0.00069241,-0.034613,0.0021095,-0.0051153,0.0096851,0.0075259,-0.012848,0.010208,-0.0022353,-0.011158,0.0019798,0.0029069,0.0059092,0.0061037,0.0060771,-6.0942e-05,-0.0024217,0.0018992,0.0017863,0.0014807,-0.0083896,-0.0015829,0.0037069,0.0012642,-0.0034202,-0.0010597,-0.0047746,0.00090389,-0.0020135,-9.9689e-05,0.0042263,0.0011849,0.0012159,0.0020499,2.7109e-05,-0.0021223,-0.00039867,-0.000171,0.00083648,0.0010423,-0.00073404,-0.00050147,0.00025637,0.00056754,-0.00015645,0.00088332,-0.00049825,0.00060114,0.00045139,-0.0002966,0.00048608,0.00018286,-0.00015601
-3.1782,2.5074,-1.6181,0.29288,0.10159,-0.040082,0.054857,0.05209,-0.10661,0.065195,0.039598,-0.063066,0.049488,0.068394,0.019713,-0.0085654,-0.0096891,-0.0078168,0.0071851,0.012299,-0.006861,0.0098812,-0.010212,0.013464,0.014518,-0.0023189,-0.0054099,-0.0034781,0.00016993,-0.0016233,-0.0084254,0.00095102,0.001688,0.01081,-0.00060942,-0.0018008,0.0010332,-0.0021096,-0.0001586,0.0014135,-0.0013973,0.00083118,0.00010377,-0.0011701,-0.0011133,-0.0010728,0.00066258,0.0008925,-3.5083e-05,-0.00022869,-0.00044134,0.00010664,-0.0010593,0.0014429,0.00079484,0.00036057,0.0010637,0.0010677,0.00082176,0.00015605,-0.00031469,-0.00010936,6.6641e-05,-2.6675e-05,-2.5271e-05,0.00049912,-0.00052755,3.9219e-05,1.1297e-05,0.00021675,-0.00010047,-0.00016616,0.00042432,0.00021278,4.3057e-05,0.00010036,0.00031652,8.1925e-05,2.3965e-06,-7.4793e-05,1.6593e-05,8.7998e-05,-0.00018054
1.1503,1.1366,0.038693,-0.11824,0.28863,-0.32385,-0.11621,0.0037176,0.080256,-0.10335,-0.007734,0.060236,0.0057338,0.032437,-0.020564,-0.0071955,0.038377,-0.011885,-0.02066,0.0013701,-0.0043456,-0.0049357,0.027706,-0.015771,-0.014841,0.021809,-0.025643,0.02774,-0.015564,0.0096595,-0.0022239,0.0011672,0.0009571,0.0056918,-0.003339,0.042645,-0.0078353,-0.012955,0.014026,-0.00090048,0.0099458,0.010875,-0.011804,0.0020725,-0.0057872,0.0025054,0.005234,-0.016155,-0.0070004,0.0023285,0.0058672,0.00048844,-0.0074842,0.0030862,-0.0065253,-0.0066832,0.010042,0.010867,0.019554,7.2521e-05,0.0030562,0.0050595,-0.005545,0.0057614,0.00099316,0.0034085,-0.0078569,0.0016737,0.00070043,0.0027134,0.0014379,-0.0035137,-0.00018948,-0.00088017,-0.00074214,0.00016543,-0.0011649,0.0010542,-0.0012689,-0.00017487,0.00033862,0.00011494,-0.0010741
-1.7274,0.71741,0.235,0.026302,-0.43211,-0.018019,-0.018777,-0.10984,-0.10209,-0.10565,-0.065543,0.054107,-0.13672,-0.075684,0.034736,-0.037664,0.035104,0.0050151,0.074664,-0.05394,0.047486,0.0046738,-0.020086,0.026377,-0.026882,0.039014,-0.0079662,-0.019811,-0.0065756,0.013445,0.041901,0.016569,0.0095455,-0.0045324,-0.0040584,0.0029828,0.0058674,-0.01077,-0.003879,0.0079429,0.0038529,0.011827,-0.017283,-0.010751,-0.0074944,-0.0070462,0.019667,-0.00046687,0.0099171,-0.0090462,0.0025055,0.0037501,0.004233,-0.00079383,-0.0023335,0.002877,-0.0043585,-0.0042226,0.0030751,0.0030692,-0.0028479,-0.0020702,-0.0023841,0.00028328,-0.0010679,0.0025365,-5.3469e-05,-0.00013011,-0.0027543,0.0016274,-0.00017466,0.00028236,-0.00052936,-2.7481e-06,0.00097064,-0.0010199,-6.1704e-05,-0.00036617,-0.0010562,9.2948e-05,0.00043246,0.00029683,-0.00011499
-0.75409,-0.075963,0.042895,-0.10988,0.12131,-0.19251,0.034458,-0.1076,-0.078872,0.042913,-0.008343,-0.072945,0.0089916,-0.044075,-0.044424,0.031099,0.021451,0.025123,0.010433,-9.3185e-05,0.0052652,0.0035961,0.0037926,0.00078418,-0.031006,-0.0015424,-0.01218,-0.0099256,-0.012198,0.004024,0.013887,-0.0025838,-0.0073204,-0.023567,-0.0093279,0.0039942,0.014542,-0.0039029,-0.0055464,0.0066263,-0.0031309,-0.00021711,0.001442,-0.002971,0.0028436,0.0086531,-0.002915,-0.016354,-0.0085696,0.011282,-0.0065619,0.0037206,-0.0030012,0.0033735,-0.0031819,0.00091597,0.0059274,-0.0027449,-0.0098044,-0.0027907,0.0017179,0.010366,0.003442,0.002931,-0.00067753,-0.0073965,0.0012468,0.01374,0.015115,-0.0073818,-0.011634,0.0068572,0.0010749,0.0041988,0.0010301,0.0004717,0.0023774,-0.0055642,0.0023378,-0.00052801,-0.0032815,-0.0038014,0.0011696
-0.52249,-0.53071,0.057251,-0.08003,0.093217,-0.21201,-0.022855,0.045932,-0.048839,0.050391,-0.017938,-0.021634,0.029686,0.0042061,-0.015309,-0.014692,-0.0044257,-0.016457,0.027428,0.0086268,-0.0076088,-0.0026976,0.003783,-0.0012872,-0.010471,0.00034808,-0.00089007,-0.0060602,0.0032385,0.011681,0.0054454,-0.024729,0.0032504,-0.016446,0.008575,-0.0014386,0.023477,-0.011212,0.002805,-0.0077813,-0.007726,0.0056965,-0.0039993,0.0022646,0.0036477,0.0054085,-0.0039338,0.0015255,-0.0054083,0.0078417,-0.0032568,-0.0059525,0.012663,-0.00028681,-0.00015115,0.011672,0.011361,-0.008066,0.0039303,-0.014225,-0.0023134,0.00064704,0.0030319,-0.010302,-0.0072929,0.0057819,0.0021305,-0.0072812,-0.0051917,0.0098946,-0.0057873,-0.0098299,-0.012007,0.0012801,-0.0049075,0.0017604,0.0050065,0.00075255,0.0058443,-0.0019456,-0.0024254,0.0045961,-0.00069855
-0.64542,0.40459,0.16375,-0.025002,-0.10096,0.007296,0.087042,-0.033451,0.11813,0.1045,-0.014366,0.067161,-0.062725,-0.067899,-0.026948,0.022723,0.082752,0.063032,0.017024,0.0067389,-0.058678,0.084665,-0.025652,-0.038656,0.0084907,-0.029694,-0.013773,0.0061584,0.035188,-0.036826,-0.0073183,-0.0045589,0.029867,0.0082908,0.00020512,0.0024038,0.00094637,0.0077408,-0.0065824,0.011237,0.0073008,-0.017553,-3.4784e-05,0.001784,-0.0094773,-0.013422,-0.0011692,0.0021659,-0.0047407,-0.0027853,0.021034,-0.0095654,0.0023794,-0.0013672,-0.00088178,0.0051742,0.0059078,-0.0042838,0.0045608,-0.008993,0.0011594,0.0043021,-0.0031706,0.0037697,-0.0029732,-0.00029108,-0.0003944,-0.00059657,0.0012693,0.00055962,-0.00028426,-0.00063379,0.0012172,0.00038334,8.3706e-05,-0.00074283,-0.00040988,-0.00061814,-9.8044e-06,-0.00067734,-0.00062622,-0.00065627,-0.00011708
-0.23847,-0.023627,0.1566,-0.027331,-0.17082,0.047433,0.050371,0.17945,-0.030953,0.093342,0.033949,0.052841,0.0023591,-0.011294,-0.034571,-5.2857e-05,0.028436,-0.025259,0.064377,0.069285,-0.031032,-0.039325,-0.0087133,-0.022031,-0.002217,0.012579,0.0052391,0.019377,-0.0063309,0.033633,-0.0088845,-0.014926,0.010364,0.013442,0.0022057,-0.0075055,0.044217,-0.016144,-0.017434,5.128e-05,0.022034,0.0003722,0.0016169,-0.0060432,0.00033755,0.01838,-0.0031737,-0.0062752,-0.0091078,-0.013993,0.0078204,0.0054612,-0.011865,0.0074017,0.011458,-0.0071913,-0.0041219,0.0025924,-0.0030364,0.0043595,0.0031894,0.00041652,0.00091551,-0.0008303,-0.00017993,-0.0099328,0.00094857,-0.0046508,0.00046817,0.0046154,0.0029824,0.0015847,0.0030919,-0.0028985,4.068e-05,0.00014585,-0.00028108,0.0012125,-0.0021304,0.00028104,-0.00032746,-0.00081125,-0.00086978
-0.13403,0.051438,0.027953,0.018024,-0.095996,-0.087501,0.064737,0.011766,-0.013014,0.011567,0.038392,0.028098,-0.0643,-0.078254,-0.049723,0.024684,-0.0068689,0.00013505,0.066329,0.048264,0.0083021,-0.0052231,0.0020513,-0.01653,-0.013889,0.01451,0.020994,-0.020907,0.039893,0.035297,-0.021821,0.020563,0.0056453,0.028202,-0.029414,-0.018178,-0.025234,-0.01799,0.0052509,-0.0086471,-0.011873,0.0074131,0.0073,0.015712,0.0051368,0.0081298,-0.01976,0.0082554,0.0053429,0.0077328,-0.0057023,-0.0010557,-0.0037444,-0.0098193,-0.0052217,0.00087426,0.0016157,0.0059375,0.0083807,-0.0025886,0.0026265,0.0023379,0.0022683,-0.0025665,0.0055665,0.0056498,-0.0043152,0.0052918,-0.0026832,-0.0068441,0.0001282,-0.0018222,-0.001229,-0.0021656,0.00085232,-0.0019034,0.00057202,-0.0021308,0.002194,0.00024064,0.00062672,-0.00069937,0.0012396
-0.90611,0.013203,0.081627,-0.033539,-0.028596,-0.10636,0.077693,-0.15333,0.12387,0.12008,-0.098673,-0.02845,-0.028116,0.0022055,-0.056679,0.045718,0.037582,0.036617,-0.030235,-0.027338,-0.0063165,0.0068331,-0.0024393,0.0068067,-0.010036,-0.011163,0.02436,-0.023513,-0.01839,0.0096994,-0.01614,-0.0092152,-0.0031878,-0.012477,-0.0058631,0.010847,-0.00070687,0.00042442,-0.012546,0.0095337,-0.0052766,0.0010837,-0.0026499,0.0035874,0.0095715,0.0088392,-0.0027503,-0.0076947,-0.0035378,0.012236,-0.0042678,0.0094933,-0.0039174,-0.0023849,0.0063772,-0.0016423,0.014369,0.0049386,-0.0078833,0.011622,0.0021876,-0.009232,0.0024118,0.0052784,-0.012006,0.0097535,0.0043819,-8.9944e-05,-0.011328,-0.00025289,0.01182,0.004011,-0.00087192,-0.002742,-0.0024594,-0.0012153,0.0017804,0.0015919,-0.0032607,-0.00057575,0.0023925,-0.0020874,-0.0010021
-1.3549,-0.24045,0.1464,-0.077697,0.049464,-0.069328,-0.16987,0.035462,-0.036666,-0.021704,0.0022988,0.0089562,-0.012091,0.0094454,0.024885,0.0076419,0.007688,0.037341,-0.049275,0.01188,-0.0064166,0.0028209,-0.013647,0.020293,-0.035219,0.0081877,0.017995,0.0035843,0.030553,-0.0075406,-0.010976,0.029667,0.010309,-0.024447,0.0064988,0.015536,-0.011582,0.0033192,0.0056192,0.012337,-9.832e-05,-0.015516,-0.0090012,0.0052065,0.00022337,0.0084559,-0.016378,-0.017316,0.00046179,-0.00044091,-0.0042749,-0.0018654,-0.018327,0.0076435,0.0031629,-0.0040511,-0.0091929,-0.0045603,0.0011198,0.004932,-0.0042547,-0.0069006,0.0013053,-0.010945,0.0057245,-0.003918,0.00036802,-0.015707,-0.0023214,-0.0045207,-0.0032674,-0.004655,0.0004958,0.0051945,0.001161,0.00070006,-0.0001025,-0.0045597,-0.002376,-8.3068e-05,-0.0010136,0.0015443,-0.00018621
-0.29294,-0.26822,0.092774,0.0091045,-0.056857,0.013322,-0.0057468,-0.013319,-0.087341,-0.02372,0.073198,0.0091422,0.0056827,0.047471,-0.016157,0.023012,0.013611,0.014411,-0.002549,-0.0018733,0.0042709,0.016887,-0.00035984,-0.012862,-0.0070152,0.011119,0.0028132,-0.0081346,-0.0082488,-0.0035729,-0.00011491,-0.0094666,-0.00011202,-0.0028455,-0.014828,-0.0082416,0.0019072,0.0028251,-0.0033467,-0.00069873,-0.0023301,-0.0002419,-0.0010184,-0.0035923,0.0026992,0.00078767,-0.001537,-0.0012588,-0.0083172,0.0044375,-0.0032034,-0.0044992,-1.7065e-05,0.0047227,-0.0010101,-0.0017813,-0.0014308,-0.0069533,-0.0024403,0.0033979,0.0046877,0.010544,0.0013944,-0.0069432,-0.00055129,0.011924,0.0043708,0.0013846,0.013559,-0.0018115,0.0074203,-0.0047333,-0.0026359,0.0015125,0.01148,7.2508e-05,-0.010022,0.0071105,-0.0045503,0.0027222,0.0050014,0.0098388,-0.0055787
1.9229,1.6155,0.24915,-0.10681,0.1038,0.2052,0.026854,-0.22482,-0.18932,-0.12361,0.076378,-0.075489,0.13204,0.012827,0.012037,-0.02759,0.0010304,0.0088247,0.0087709,0.027138,0.012414,-0.017524,-0.018809,-0.029761,-0.006655,-0.017817,-0.019955,-0.01398,-0.0071144,-0.0027616,-0.017346,0.02853,-0.012597,-0.011527,0.0059186,-0.0062516,0.010558,-0.0042389,0.0021964,0.0155,0.0046455,-0.0080564,-0.0070363,-0.0049463,-0.0092816,0.010384,-0.010031,0.00097227,-0.00023339,-0.013096,0.014906,0.0031158,-0.00070183,-0.0075982,0.0053637,0.010071,0.0043112,-0.006178,0.0024125,0.0032387,-0.0058087,0.0017068,-7.4216e-05,-0.0074182,-0.0046354,0.0072749,0.0035065,0.0039149,-0.0060892,-0.0042287,0.00044489,0.0034088,-0.0016751,-0.0012924,-0.00038361,-0.003594,0.00037377,-0.0018249,0.0015386,0.00053237,0.0010381,0.00026919,0.00094704
0.91081,1.1857,-0.3031,0.35883,-0.43465,-0.31538,-0.11452,0.016286,0.047148,-0.18918,0.039308,0.074967,-0.10354,-0.10883,0.071028,-0.050903,0.023571,-0.001472,-0.031276,-0.015576,-0.032881,-0.04383,0.049122,-0.032383,-0.015306,-0.020132,0.0073302,-0.016515,-0.002758,-0.0073426,-0.0024859,-0.027439,-0.022298,-0.014211,0.019664,-0.014225,0.0035464,0.019296,0.00295,-0.0044814,0.0047546,-0.012188,0.0091425,0.0044559,0.0035407,0.0056596,-0.012629,-0.00022176,-0.0044977,0.0059396,-0.0019129,-0.0016663,0.0029478,-0.001057,-0.00071049,-0.0040365,-0.0033455,-0.0014806,-0.0026788,0.00014107,0.0034594,-0.00064776,4.1378e-07,0.00015112,0.00060011,-0.00047831,0.00028086,-0.0005978,0.00021722,-0.00071486,0.001729,0.00094001,-0.00039025,-0.00057179,-0.00056958,-7.0342e-05,-0.0013965,0.00023927,0.0016249,-0.00041649,0.00019269,-3.4336e-05,0.0010079
-1.1697,0.657,0.37721,-0.54765,0.23373,-0.011943,0.67668,0.33035,-0.030231,-0.22158,-0.031468,0.021637,-0.068853,-0.05122,0.073391,0.028383,-0.079988,0.012092,-0.059005,-0.0018104,-0.0043242,0.018409,-0.00038365,-0.0086819,0.0022925,-0.0096588,0.0034982,-0.0011675,-0.017136,0.0062783,-0.00058265,-0.00057633,-0.0006935,0.0040703,0.00060361,-0.0011622,0.0048052,-0.00017972,0.0022341,2.6343e-05,-0.0010041,0.00071121,-0.00072288,-0.0018185,7.7102e-05,-0.0012679,-0.0015707,0.00068754,-0.0013629,0.00035665,-0.00064917,-0.001282,-0.00030693,0.00071421,0.00035527,0.00011393,-2.7655e-05,0.00085611,-0.00070044,0.00036569,-0.00013312,-0.0010613,-0.00013957,-0.00089097,-4.7645e-05,-8.0079e-06,0.00026364,0.00018223,-0.00010011,-0.00043435,0.00069779,-0.00019698,-0.00037721,-0.00037261,-0.00022129,0.00018839,-0.00011629,-0.00012625,0.00035536,2.1236e-05,3.0239e-05,0.00015891,0.00016546
-0.33111,-0.31388,0.063457,0.059438,-0.35234,-0.14893,-0.045813,0.30512,-0.10339,0.042802,0.0062457,0.088631,0.087516,0.01929,-0.18784,-0.041766,-0.053489,-0.0057789,-0.070385,-0.050936,-0.012003,-0.013012,-0.04304,0.0070541,-0.012092,-0.0084251,0.00093687,-0.0071728,-0.0052448,-0.02048,-0.0022939,0.027964,-0.006555,-0.019861,-0.0071293,-0.018815,0.0075559,-0.011508,0.01749,0.0097614,-0.0029799,-0.0048672,0.0082665,-0.0082342,-0.011608,-0.0025771,-0.0017471,0.0066924,-0.0034957,0.0014823,0.002803,0.0034114,0.0067598,0.0017359,-0.0024615,0.00062114,-0.00073317,0.0085408,0.0079376,0.001395,0.0023459,0.0002386,-0.002064,0.0022419,0.00082477,-0.00078518,-0.0012211,0.0033508,-0.0010638,0.0030157,2.2694e-05,0.0017004,0.0013583,-0.0010569,-0.00066454,-0.00061336,-3.3935e-05,0.0015657,0.00023271,0.00070684,-0.00053193,-0.00032955,-9.9491e-07
-0.88378,-0.48321,0.22602,-0.01002,-0.27245,-0.034793,0.20171,-0.25117,-0.18193,0.040894,0.11846,-0.054591,0.024421,0.0063386,0.0069698,0.016036,0.070001,-0.0085098,-0.020567,0.038965,-0.033669,-0.011888,-0.0030464,-0.010218,-0.0033893,0.0016215,-0.0055531,0.021299,-0.037511,0.0067797,-0.025079,0.0060692,0.00359,0.00085059,-0.0058335,0.027134,-0.014748,0.010248,0.0001291,0.0028603,-0.002119,0.0016982,0.003732,-0.0035952,-0.0020035,-0.0063772,-0.0010661,0.010258,-0.01324,-0.0062346,-0.00969,9.1437e-05,0.026334,-0.00059571,-0.0027615,-0.0060142,-0.017114,0.011553,-0.002334,-0.0010144,0.004758,-0.0074287,-0.00022487,-0.0010267,0.00080096,0.00081737,-0.0041619,-0.0013788,-0.00081501,-0.00029092,-0.0043906,-0.0034596,-0.0013663,0.00024377,-0.0017418,5.1517e-05,0.00047176,-0.00066926,-0.00032544,0.00061745,-0.001835,-0.00044419,2.4674e-05
-0.33025,-0.34108,0.13714,-0.048934,0.075791,-0.14787,-0.17905,0.10121,-0.066917,0.02773,-0.018689,-0.040952,0.0046289,-0.029253,0.095554,0.0063504,0.0040424,0.013781,-0.0090183,0.032319,-0.006854,-0.021851,-0.026074,0.028628,-0.019546,0.0057661,0.017375,0.0074816,0.0028228,-0.01139,-0.027111,0.0051709,0.008814,-0.0089636,0.0089376,-0.0023621,-0.0069831,0.00018063,0.0011483,0.015037,0.0045867,-0.0058298,-0.006351,-0.0012923,-0.00030669,0.0060319,0.0055735,0.015933,0.006727,-0.013667,-0.010502,-0.0063331,0.00063083,0.0049499,-0.0010688,0.00032292,0.0092436,0.0051546,-0.010042,-0.0090298,-0.010086,0.0070586,-0.0022756,0.0081159,0.0013446,-0.0041875,-0.0032638,0.011647,0.00012579,0.0047442,0.003163,-0.003689,-0.002097,-0.0061582,-0.0026061,0.001881,-0.00091848,-0.0018733,-0.0011529,-0.00022888,0.012199,0.0010549,0.00085765
-0.21865,0.43762,0.10339,0.043574,-0.11989,0.19626,-0.1215,0.16023,0.041121,0.11437,-0.20533,-0.12764,0.038773,0.011176,0.040608,0.10402,0.028676,0.017738,-0.02877,0.017238,-0.018872,0.023689,-0.020643,-0.044073,-0.029382,-0.0013711,-0.018508,-0.0080568,-0.0032739,0.01616,0.020473,-0.0083916,-0.022054,-0.0052857,0.012502,0.00578,-0.0072155,-0.0004804,0.020605,-0.010135,-0.0049402,0.0067693,-0.0033039,0.009108,0.0062784,0.0069411,-0.01319,0.0052423,0.008257,-0.0070944,-0.0027806,0.0049516,0.0063167,-0.0060655,-0.0034789,0.004967,-0.013409,-0.0071956,0.0068609,0.010865,0.0027889,0.0073231,-0.0021578,0.0049942,0.0033952,-0.0022233,0.00026219,0.00060405,-0.0011425,0.0075045,-0.0026153,0.002695,0.00092497,-0.0011872,0.0003716,0.00043436,-0.00072275,0.002763,0.0011791,0.00017082,0.00057473,0.00094401,1.9234e-05
-0.46973,-0.6186,0.11699,-0.30597,0.48747,-0.58903,-0.010927,-0.12641,-0.048456,0.086252,-0.024431,-0.10954,0.025034,-0.042213,-0.061509,-0.032378,-0.044044,-0.02567,0.04994,0.0095858,-0.011993,0.025257,0.026992,-0.0013697,-0.010392,0.0079852,-0.031806,-0.024303,0.0084275,-0.015293,0.012526,0.001179,-0.014137,0.019319,0.018772,-0.018621,-0.0031267,0.01555,0.0018004,-0.002833,0.0063042,-0.005069,0.0023046,-0.0030678,-0.0052558,-0.0018497,0.0017797,0.0064144,0.0066063,-0.010396,0.0043328,0.0038541,0.0038945,-0.00035799,0.0034636,-0.0039202,-0.012654,-0.001282,-0.0025266,0.0066612,0.0010761,-0.0045051,-0.00056815,3.3581e-05,0.0014367,-0.00088917,-0.0008217,-0.0030376,-0.0024183,0.00063233,0.0048939,0.00070838,0.0020321,-0.00063403,0.0019774,-0.00060497,-0.0032604,0.00063028,-0.00053776,0.00028492,0.00053794,-0.00022854,0.00035787
0.23766,0.36602,0.097512,-0.064476,0.12728,-0.13777,-0.14821,0.19429,0.068038,0.14884,0.069317,0.065161,-0.030345,0.02677,0.014791,-0.015687,0.032895,-0.037851,-0.054108,0.026527,-0.026709,-0.0073602,0.011614,-0.00058983,-0.0058078,0.006026,-0.00027089,0.026916,-0.011931,0.042369,0.020715,-0.0038851,0.0032225,-0.0020813,0.0018727,0.0046002,0.011624,-0.0083051,0.0026703,0.0031155,-0.018839,-0.00016815,-0.00057717,-0.0032448,0.0011736,-0.013862,0.004823,0.0092933,0.0027988,0.0040524,0.0031514,-0.0019944,0.010923,-0.0086662,0.0041001,0.014118,0.00033099,-0.010258,-0.0031448,-0.0070788,-0.010197,-0.0070128,-0.0033169,0.0032438,0.0027174,0.00338,0.003622,-0.0037248,-0.0014852,-0.014439,0.0020973,0.0060917,0.0026697,5.7517e-05,0.0061366,-0.0026304,-0.0024124,-0.0034374,-0.0022568,0.0018622,0.0014323,-0.0010944,0.0015196
0.624,0.71445,0.22814,-0.032558,0.055936,0.12311,-0.03524,-0.16809,-0.014249,0.071126,0.057638,-0.038109,-0.0034782,0.022626,0.06225,0.001657,-0.021813,-0.022611,-0.022016,0.050159,0.01438,0.017343,0.0016725,-0.00083945,-0.030516,-0.027921,0.0058451,-0.034238,0.0006995,0.013438,0.015527,0.037017,-0.000966,-0.0020654,-0.01158,-0.030857,0.016749,0.0035852,-0.0022655,0.0015047,-0.0089275,-0.0016236,-0.0050647,-0.0051837,0.0033335,-0.0076312,0.0066,-0.0076751,-0.0096659,0.02173,-0.0020756,-0.0053944,0.0029336,-0.0013204,-0.0020715,-0.010716,0.0068002,0.0007214,0.0015336,-0.0065816,0.0032379,-0.0065514,-0.0088218,0.011309,0.006198,-0.0046059,-0.0028528,-0.0074923,0.0031309,0.0077359,0.0019364,-0.0035755,0.004597,-0.0023892,-0.0021572,0.0050096,-0.0013793,0.0038825,-0.00073077,-0.0012834,-0.0013862,-0.00021587,0.00012015
0.77291,0.55777,0.028512,-0.024372,0.17596,-0.056977,-0.10934,0.15273,0.10509,0.059777,0.087411,0.083485,-0.027484,0.037554,0.023808,-0.0127,0.049268,-0.0057599,-0.012652,0.015954,-0.025041,0.018641,0.014722,-0.02896,0.021651,0.0094778,0.013259,-0.0024261,-0.0181,0.0056291,0.03136,0.028326,0.0048931,-0.0060953,-0.017785,-0.0087271,-0.012182,-0.00090711,-0.0077875,0.0093051,-0.011244,-0.0067698,-0.0061175,0.00038288,0.0028226,-0.013568,0.00066266,0.0018242,0.01005,-0.0093294,0.0009641,0.00069863,-0.0069136,-0.00031409,-0.0053462,-0.0093541,-0.0057412,0.0027662,-0.011224,0.0095598,0.0030684,-0.0022943,0.0099592,-0.0087944,-0.0056551,-0.0034505,0.0053105,0.013201,-0.0026369,0.0077207,0.0012815,-0.0058664,-0.0043455,0.0034248,-0.0025611,0.0021822,4.4311e-05,-0.00035731,0.0057449,-0.0017795,-0.0037841,-0.00071418,-0.0012482
1.2666,0.85994,-0.036102,0.048878,0.024455,-0.20128,0.021136,-0.052003,0.092096,-0.033477,-0.0037728,0.048307,-0.060781,0.020479,-0.044349,0.036137,0.00064337,0.030033,0.01164,-0.033098,0.0089043,0.017874,-0.00054935,-0.012526,0.010351,0.0035756,0.024526,-0.0024602,-0.012102,-0.01246,-0.022583,0.0034024,-0.0093217,0.0076082,-0.016764,-0.00034104,-0.016259,-0.00097597,0.0042286,0.0057317,-0.0048889,0.01949,-0.0039973,0.0017833,0.0023936,0.012506,0.010299,0.015732,-0.0074678,-0.0092032,-0.0041875,0.0077522,0.0048148,-0.011878,0.018152,0.004798,0.0051245,-0.0033172,-0.0063778,-0.0013242,-0.013146,0.0026728,-0.00050424,-0.0060151,0.0070077,-0.0064586,0.0063831,-0.0079278,0.0057371,0.0075802,-0.0060581,0.00032931,0.0078593,0.0025353,-0.0015295,0.0049801,0.0015996,0.0014974,-0.0035932,0.0024225,-0.0022116,0.00020251,-0.0016388
0.69168,0.20942,0.064323,0.011476,-0.076939,0.0010851,-0.052647,0.15536,-0.1454,-0.096897,-0.06206,-0.026404,0.1044,0.021504,-0.01495,-0.0035354,0.010788,0.02987,0.054677,-0.015908,0.022673,0.0059115,4.2495e-05,-0.043749,0.02124,0.0089307,-0.017363,0.0015888,0.0004528,-0.014227,0.011909,-0.0067084,-0.0077662,0.0043062,-0.014059,0.0084339,-0.0055952,-0.0091504,0.0031651,0.0064874,-0.011978,0.0070162,-0.0059386,0.013456,-0.0017292,-0.0020427,-0.0011442,0.00018812,-0.0060409,-0.0016483,-0.011991,-0.0069906,-0.00047997,0.018712,-0.0054596,0.0049972,-0.00031754,-0.0054983,-0.011616,-0.012138,0.013619,-0.0086474,0.0024994,-2.048e-05,-0.00062649,0.0027529,0.0019429,-0.0069723,-0.00045227,-0.0029773,0.0070001,-0.00058939,0.010239,-0.00039504,-0.0029584,0.004853,-0.0010112,-0.0037311,0.0013769,-0.0041765,0.0040253,-0.0040567,0.0022177
0.39429,0.011604,0.062555,-0.022656,0.092434,-0.068518,-0.018973,0.064009,0.053752,0.022588,0.043294,0.03616,-0.010978,0.036416,0.032111,-0.012419,0.0077842,0.00025565,0.01585,0.0049925,-0.010424,0.0038149,0.020936,-0.011458,0.019968,0.00010008,0.005366,-0.012445,0.0029147,-0.010437,0.0058723,0.0099399,-0.001206,-0.0010715,-0.0033839,-0.010408,-0.0011681,0.00016075,-0.0079415,0.002912,-0.0042307,-0.0005692,-0.0034927,0.00066419,0.0016505,-0.0036273,0.0011717,-0.0048483,0.0031554,0.0016633,-0.0054409,-0.0026693,-0.0027114,0.0080472,-0.0076281,0.0077468,-0.0094289,0.00097762,0.00046197,0.0014918,0.0069452,6.4862e-05,-0.00057699,-0.0036063,-0.0041329,0.0037551,-0.0050398,-0.0027439,0.0023848,-0.00084294,-0.012311,0.0099299,-0.0015123,-0.0072771,-0.0067569,-0.0065594,0.012896,0.0069062,-0.012274,0.0024217,0.005478,0.0027039,-0.0012094
0.5465,0.19019,0.10973,0.046306,0.0016838,-0.038001,-0.054407,0.011795,0.098503,0.007263,0.02081,0.047122,-0.055966,0.098596,0.013208,0.051362,-0.018607,0.00016662,-0.0036916,0.0057048,-0.007865,0.013519,-0.0094131,0.0054703,0.019511,0.0040024,0.021536,-0.039348,-0.019804,-0.026204,-0.010958,0.007652,-0.0067101,0.0032549,-0.0088633,-0.0035203,-0.00084217,0.0019153,-0.012522,0.0017157,0.016521,0.013403,-0.00087483,-0.0028579,0.0029003,0.0050448,0.010001,-0.00085408,-0.0045002,-0.0016513,-0.0034552,0.0065388,0.0043044,0.014188,0.013023,-0.00017347,-0.01074,-0.010438,0.010835,-0.0052694,0.007217,0.0038047,0.0025954,0.0098967,0.0034581,-0.0035235,-0.00196,-0.0027859,-0.0038438,-0.0063428,0.00087228,0.0012259,-0.012151,-0.00027664,0.0052573,-0.0041236,0.0010503,-0.0060887,0.0075491,-0.0019111,0.0014217,-0.00013285,0.002978
1.2669,0.87254,0.007911,0.088599,-0.11296,-0.14039,0.060205,-0.0052081,-0.00091409,-0.10505,0.014007,0.028498,-0.14097,0.07895,-0.06066,0.12483,-0.020073,-0.01749,0.053486,0.076408,0.044293,-0.0050403,-0.044844,0.037667,-0.0076045,-0.0058308,-0.020411,0.057222,0.015909,-0.027984,0.013096,0.011076,0.0045061,-0.013623,0.020828,-0.0049575,0.0011629,0.0075602,0.0020856,-0.016204,-0.0056112,-0.0062953,0.012292,-0.0016884,0.0053571,-0.0024561,0.00023862,-0.00462,0.0054391,0.0073677,-0.003379,0.0042915,0.0051461,0.00089178,-0.002818,0.003421,0.00096865,0.0015928,-0.0066477,0.0040535,0.0005563,-0.0028476,0.0018357,0.00030996,-0.0042166,0.00082081,6.6687e-05,0.00021698,-0.0016467,-0.00011504,0.0014392,0.00099583,-0.0014996,0.00021169,-0.00061587,0.00084168,-0.0004598,0.0010597,-0.00011288,-0.00042196,0.00022735,0.00022146,0.0002122
0.77308,0.53108,0.085361,0.030108,-0.17407,0.0071767,0.0013508,0.11182,-0.068735,-0.021975,-0.11595,-0.045436,0.094534,-0.01321,-0.023942,-0.0082982,-0.017451,0.0086039,0.03142,0.0022957,0.013154,-0.014231,-0.0017304,-0.034804,0.0089958,-0.016258,-0.015689,-0.0062795,0.01872,0.0096846,-0.0061685,-0.010031,-0.0059604,0.012328,-0.0077485,0.014392,-0.01307,0.0019281,0.0020566,0.0098545,0.00056148,-0.0010818,0.0050353,0.0022095,-0.013915,-0.0092177,0.0093595,-0.006631,0.0050732,0.0089269,-0.0034993,-0.0012687,-0.0059707,-0.0028903,0.0016289,-0.0097183,0.0020919,0.0021406,-0.014179,-0.0020291,-0.012522,-0.012171,0.0015376,0.0095425,-0.00093245,-0.0092667,-0.0031112,-0.00099518,0.00026218,-0.0020767,-0.002571,-0.0024921,-0.013692,0.0017779,0.0081468,-0.0043133,0.0028248,0.0039694,-0.002244,0.0024327,-0.0029808,0.0038702,-0.0024815
0.72089,0.18604,0.014632,0.072407,-0.10075,-0.20387,0.10401,-0.13034,0.066715,0.016934,-0.093182,-0.054493,-0.01237,0.084076,-0.028679,0.039527,-0.030925,-0.0356,-0.0069521,-0.0085319,0.02799,-0.017663,-0.029588,0.04157,0.022495,-0.039782,0.054723,-0.015392,0.0046593,0.028302,0.016101,-0.030747,-0.0099912,-0.0059744,-0.011392,0.0090587,0.0037165,0.0042154,0.0021645,0.0062867,0.0050811,-0.0037898,-0.014321,0.0029118,-0.0076247,-0.0054911,-0.0118,0.00029585,-0.0013223,-0.019609,0.019646,-0.015179,-0.0055826,-0.0038695,-0.013541,-0.0045799,-0.007952,-0.00077627,-0.00094606,-0.0070868,0.0019967,-0.0027381,-0.002591,-0.003384,0.00040089,0.00040294,-0.0025904,0.0024084,0.0038721,-0.0013399,-0.0017056,-0.0030076,0.0023816,-0.0023567,-0.0003391,-0.0010658,-0.001667,-0.0011605,-0.00089566,-0.00066379,-0.00024968,-0.0007727,0.00041872
-0.29772,-0.18147,0.1671,-0.060634,-0.098829,-0.049931,0.16785,-0.056973,-0.029064,-0.0041748,-0.0014751,-0.03423,0.012273,0.063172,-0.022025,-0.0040582,0.030545,-0.0043642,0.053811,0.0051609,0.023214,-0.039771,0.032892,0.00087289,0.014357,-0.0031153,0.0036811,-0.0098045,-0.014407,0.020621,-0.00092065,-0.0035032,0.00083577,-0.0080202,0.0028005,0.010697,-0.011204,0.01437,-0.0056961,0.012414,-0.0073439,-0.028931,0.011726,-0.0008217,0.0045826,-0.017429,0.00061017,0.015453,0.002862,0.0085386,-0.0088874,-0.009247,-0.011476,0.014234,-0.0007958,0.0096207,0.0067697,-0.0029221,0.017371,0.0034954,-0.0069168,0.0092544,0.0017679,0.0011649,0.0056762,-0.0084766,0.0034727,-0.00071073,-0.0054934,0.005177,0.0025525,0.0064457,0.0049519,0.0054814,0.0010009,-0.00040226,0.0010407,0.0029306,0.0031725,0.00049966,0.00022335,0.001404,-0.00069453
-0.20621,-0.5229,0.10653,0.025651,-0.13228,-0.11215,-0.010293,0.081543,-0.093053,-0.064128,0.073039,0.02269,0.044823,0.091942,0.021206,-0.028001,-0.046267,-0.016203,-0.020244,0.0033752,0.033877,0.0040286,0.028696,-0.011272,-0.00081327,-0.012384,-0.0054795,-0.012572,0.052056,0.0070176,-0.012129,-0.01923,0.032189,-0.0015427,-0.0019042,0.025912,-0.0048273,-0.0052613,-0.024279,0.0064928,-0.0098901,0.0031011,0.0065465,-0.00090412,-0.0044632,-0.00044095,0.0090962,-0.011591,0.0009397,0.0060757,0.0059507,0.0078677,0.0083793,-0.017178,0.0054084,-0.0068603,-0.0075243,-0.011195,-0.003989,0.010724,0.0045062,0.0080459,-0.0050667,0.0038855,-0.00013652,0.00078531,0.00292,0.0033175,-0.0041083,0.0025393,-0.0039204,0.0018761,0.0039075,-0.00045798,-0.0047873,0.0036694,-0.0015001,8.7372e-05,0.003622,-0.00087372,0.0042696,0.00049911,0.0016856
-0.42648,-0.3283,0.17155,-0.054072,0.026801,-0.073733,-0.12791,0.096972,-0.024223,-0.0056069,-0.035278,0.0018545,0.008297,0.043741,0.095272,-0.028161,-0.01455,-0.0049423,0.017123,0.015739,0.018976,-0.0042691,0.0065551,0.0082502,-0.0056006,0.0043077,0.013979,0.009372,0.015363,-0.016861,-0.020207,-0.0018053,0.015297,-0.0070119,-0.0010049,-0.0034355,-0.0060087,0.00035179,5.825e-05,0.0089089,0.00018406,-0.00036802,-0.0083974,-0.0037609,0.0045917,0.014007,-0.00082896,0.010787,0.0019537,-0.015329,-0.0067131,-0.0032042,-1.4773e-05,-0.0009107,-0.0033387,0.0060586,0.0044534,0.0080905,-0.0016935,-0.0017095,0.0082203,-0.0013221,-0.0087116,0.0072681,-0.003034,0.0074594,0.0035845,-0.00047712,0.0039519,-0.0024736,0.0022963,0.0081006,0.00010445,0.0024351,0.0020425,-0.0038188,-0.0012312,0.0088792,0.0036696,-0.0014832,-0.015698,-0.0014867,-0.00094158
-0.10104,0.069639,0.16547,0.035935,-0.15496,0.10836,-0.031567,0.053055,0.006313,0.052456,-0.018341,-0.003479,0.0063595,0.058407,0.0081031,-0.0098593,-0.030344,-0.0093759,0.0087164,0.0097368,0.024874,0.020493,0.016122,-0.019082,-0.021172,-0.01028,-0.0095012,-0.0066239,0.0057919,0.010122,0.0091018,-0.021015,-0.0034283,0.0032486,0.012004,-0.0062137,-0.012299,0.0071252,0.0035994,0.0028948,-0.002168,-0.0074828,0.0057193,-0.0058195,-0.0019069,-0.0067099,0.011133,0.009784,-0.0026925,-3.8254e-05,9.6345e-05,0.0017082,-0.0019898,0.0083829,0.011138,-0.00083443,0.0017231,0.010062,0.0042697,0.010147,-0.0061188,0.0072303,-0.0044566,-0.0068936,0.001403,0.0071077,0.002304,-0.001853,0.012895,-0.0058103,0.0066595,-0.0083355,-0.007628,-0.0049469,-0.007861,0.0019139,0.0048623,-0.0078472,-0.0053035,-0.0013618,-0.0035455,-0.0072906,0.0011919
0.26302,0.081227,0.20206,0.063248,-0.13019,0.058919,-0.158,0.088587,-0.033675,0.11122,-0.019362,-0.029304,-0.040058,0.014947,0.064045,0.010148,-0.054176,-0.012785,-0.0069183,0.016931,0.013036,0.046384,-0.0044415,-0.0071106,-0.018,-0.027517,-0.0019235,-0.012791,0.00050419,0.0055243,0.0072706,-0.018398,-0.004537,0.012355,0.0069066,0.0010752,-0.0056303,0.0076996,0.0024699,-0.00011317,0.013516,0.0031737,0.0039021,-0.012453,-0.0047582,0.0026338,0.014713,0.0003941,-0.003895,0.0015674,-0.0014076,0.0080656,-0.00014964,0.0040383,0.0038698,-0.0061794,0.0097023,0.017573,0.0046383,-0.0086572,0.0024888,-0.0040046,0.012579,-0.014208,-0.0029186,0.0027163,-0.0065546,0.0038073,-0.0075169,-0.0040386,-0.0054335,0.0055931,0.0087428,0.0088149,0.00024894,-0.00058491,-0.0026341,-0.00075443,0.0018554,0.0023924,0.0023773,0.0033457,-0.0020368
1.3075,1.082,0.1559,0.072016,-0.25361,0.13043,-0.00059738,-0.0020742,-0.10686,-0.0026699,-0.088746,-0.083087,0.091451,-0.064227,-0.043187,0.0057788,-0.055653,0.0066022,-0.0082222,0.040869,-0.070221,0.071526,0.099657,0.084246,0.019817,0.049784,0.020305,0.01014,-0.0027102,-0.0055157,0.0041578,-0.0044168,0.013927,-0.011863,-0.0035523,0.00054585,0.00093747,-0.0021233,-0.0026767,-0.00022396,-0.0022772,-0.0018863,0.00073406,0.00068271,0.0011132,-2.0442e-05,8.838e-05,0.001051,-0.00073384,-5.1607e-05,0.0010115,-0.00052791,-0.00067286,-0.0010086,0.00060983,-0.00034349,-0.00027314,-0.0007562,0.00078082,0.00037516,0.00042886,0.0008075,0.00027492,0.00020446,-0.00035394,-2.6018e-05,-2.3844e-08,-1.2098e-06,8.4125e-05,0.00022656,0.00033323,9.6592e-05,-0.00016445,-7.6448e-05,-9.0889e-06,-8.9336e-05,0.00011713,-0.00017447,-0.00012291,0.000132,6.3266e-05,0.00010242,0.000189
1.1105,0.72443,0.13239,-0.016805,0.035661,-0.15963,0.02068,-0.22951,0.039985,-0.08954,-0.1159,-0.059936,0.049994,0.057615,0.032755,-0.040977,0.058473,0.04775,-0.072443,-0.074514,-0.0017891,0.025316,-0.035219,0.0067324,0.0057514,0.0039163,-0.0075902,0.016777,0.022838,0.027815,-0.015873,-0.0030689,0.032796,0.016034,0.0021628,-0.02089,0.028218,-0.016546,-0.0041543,-0.017843,-0.0062381,-0.00093514,0.017597,-0.0082289,0.0043941,-0.00048658,0.0012746,0.010502,0.013245,0.0028874,-0.011393,0.0012793,-0.0025842,0.0095346,-0.00011168,-0.0023011,-0.0079315,0.00697,-0.0012152,-0.0004158,0.0027133,0.0025929,0.0033704,-0.0027157,0.0018689,-0.0026041,-0.00022916,-0.00016299,-0.00035829,-0.0011053,-0.00037721,-0.00040755,-0.00081468,0.00046027,0.0009433,-0.00050117,0.00015401,-0.0005051,0.00060713,0.00016444,-0.00042988,-0.00014606,8.4675e-05
-0.039681,0.14597,0.14052,-0.087068,0.044927,-0.14313,-0.17106,0.15997,-0.049335,0.06968,-0.20768,-0.066237,0.065538,-0.092584,0.083308,-0.027756,0.018378,0.005512,0.029285,0.010514,0.023788,-0.056095,-0.033981,0.022481,0.029892,-0.019198,0.011514,0.024622,-0.035301,-0.021447,-0.016569,0.016873,0.0093685,0.00371,-0.023359,-0.0055651,-0.0048066,0.01337,-0.016772,-0.01378,0.00014923,0.0058362,0.013239,-0.0021148,0.0013847,-0.014371,0.0012735,-0.0083634,-0.0076183,0.014792,0.013325,0.0021229,0.0015027,-0.0085208,0.0041129,-0.0015238,-0.0019925,-0.0043952,0.0079717,0.0050747,0.0033658,0.0032219,0.00076196,-0.0063206,0.00071513,0.003186,0.0031466,-0.0010292,0.0018606,-0.0019053,-0.00052398,-0.0020786,0.0011359,-0.00066162,-0.0010092,0.00090195,-0.00012735,-0.001152,-0.00050217,0.0006664,-0.00039029,-0.0005373,0.00029381
-0.24478,-0.092207,0.20234,0.05666,-0.33982,-0.0581,-0.03344,0.015734,-0.12535,0.034278,0.017104,0.010724,0.016459,0.020256,-0.05637,-0.034828,-0.033332,-0.028992,-0.050862,-0.024308,0.014346,0.02184,-0.0033721,-0.0054263,0.0055514,-0.013505,-0.017335,0.0093739,-0.027403,0.0043468,-0.00068829,0.025127,0.0049128,0.050004,0.023047,0.0046628,-0.0089279,0.019714,-0.022617,-0.017309,0.006997,-0.0030746,-0.024327,0.0086565,0.034937,0.0063348,-0.0060241,-0.0088275,0.0067751,-0.0036914,-0.0011475,-0.0081426,-0.0078577,-0.0026916,-0.0028219,0.0046436,0.0061885,-0.0065332,-0.0033945,-0.0049772,-0.0041073,0.0032402,0.00026595,0.0012931,-0.0014205,-0.00025431,-0.00065824,0.0014794,0.00086245,6.7932e-05,-0.0018123,-0.00050729,-0.00098176,-0.00030334,-0.00074191,-7.0142e-05,9.4722e-06,-0.00015424,-0.00026949,-0.00079034,-0.00097137,-0.00067874,8.2293e-05
-0.64332,-0.39278,0.22931,-0.074877,-0.13522,-0.082814,0.17229,-0.1072,-0.074624,0.029079,0.030564,-0.054672,0.048246,0.04399,0.063583,-0.035025,0.048761,-0.0089198,-0.024083,-0.0098716,-0.051738,-0.026514,-0.011929,0.0085727,0.046492,-0.0020053,0.015678,0.033384,0.046956,-0.011253,0.058095,0.0076895,-0.03442,0.0044752,0.005391,-0.013688,-0.026229,-0.022672,0.0038631,0.0061461,0.021282,0.0048632,0.0063788,0.0047391,0.0076788,0.010594,0.0047092,-0.0050073,-0.010665,0.0058499,-0.00041068,0.0055197,-1.3237e-05,-0.0035259,0.0048522,0.0010388,0.0080032,-0.00022603,0.0031486,0.00099428,-0.002397,0.00066724,0.0019058,0.0014853,0.00054616,0.00024867,0.00051357,0.00036812,0.00076107,7.8152e-05,0.0015475,0.00098316,-0.00053398,-0.00099448,0.00043359,0.0014651,-0.00010665,0.0001209,0.00057894,0.00036455,0.00029487,0.00020547,-0.0002283
-0.48292,-0.55758,0.09329,0.015625,-0.15222,-0.034046,0.1432,-0.061303,-0.10384,0.025449,0.088783,-0.011977,0.041979,0.019667,0.0073349,-0.014619,0.029391,-0.002591,-0.0030472,0.016547,-0.042845,-0.010454,0.0008419,-0.021241,-0.0012607,-0.00030871,0.01592,0.0024907,0.011226,-0.01163,-0.0093415,-0.0048364,-0.0033235,-0.024254,-0.0063315,-0.0014965,0.004838,0.033085,0.019065,-0.039478,-0.023185,0.033707,-0.0076649,-0.0089405,-0.010117,-0.0060519,0.0090792,-0.0039031,0.022831,-0.0069624,0.0081737,0.0037192,-0.021413,0.0023607,0.0054329,-7.7447e-05,0.0081114,-0.0015136,0.0019468,-0.002186,0.00069926,-0.00085487,0.00031844,0.0019961,0.0002435,-0.00072364,-0.00053719,0.00074653,4.1877e-06,-0.0005912,0.00082512,0.0010301,0.00075269,-5.9514e-05,0.00040333,0.0002475,0.00081178,1.2624e-05,0.00047913,-0.00060761,0.00081417,-0.0012533,0.0003396
-0.82041,-0.35871,0.25784,-0.027405,-0.11246,0.01533,-0.013057,-0.13944,-0.054797,0.029559,0.049818,0.010205,-0.028886,0.054335,0.041094,-0.0035404,0.0027881,-0.031357,-0.013401,0.0079271,0.028971,0.010309,0.014854,0.0042259,-0.011635,0.0048532,-0.0054208,0.012427,-0.054759,-0.04149,-0.011741,-0.040794,0.012719,0.019765,-0.00043638,-0.026652,-0.0010996,-0.033266,0.026845,0.017197,-0.0043093,-0.0031494,0.0051224,0.024797,-0.0075649,-0.0039861,-0.0058274,-0.0056282,0.015776,0.0091767,0.0091917,0.0077203,-0.012073,-0.0073953,-0.0034783,-0.0013048,-0.00010948,-0.0034226,-0.0013358,-0.00070325,0.00062769,-0.001315,0.00084273,0.0001896,0.0026158,-0.0036677,0.00057407,-0.00070778,-0.001692,0.00065402,-0.0014361,-0.00015303,-0.00035669,0.00021049,-0.00035948,-0.00067828,3.6268e-05,-0.00042581,-0.00063097,-0.00014437,-5.2404e-05,-0.00030946,0.00040114
1.3313,-0.11342,-0.071682,0.19625,-0.15351,-0.096778,0.13692,-0.069716,0.057267,0.26909,0.081193,-0.038863,-0.08727,-0.071464,0.082324,-0.023849,-0.098521,-0.019587,-0.010651,-0.025533,0.025665,0.012595,-0.055095,-0.011751,0.058941,0.053563,-0.0438,-0.006397,0.0047088,0.0093551,-0.017547,-0.00094589,0.0001262,-0.022036,-0.0051774,0.015301,0.0021657,-0.0033279,0.017436,8.1033e-05,-0.0085108,-0.014096,-0.00090595,-0.00019193,0.0049527,0.0058488,-0.0028545,-0.0058148,-0.0045878,-0.001086,-5.5269e-05,-0.0011615,-0.0041016,0.002503,0.0020557,-0.0016477,0.0011062,-0.0029614,0.002873,0.0020297,0.0018553,-0.0019808,3.963e-05,0.0015382,-0.00036239,-0.00076743,0.0023621,0.00053733,0.0020244,0.00084858,0.00078211,-0.00085075,-0.00016519,-0.00055417,1.2082e-05,0.00022341,0.0001043,0.00013421,-0.00015257,0.0002976,0.00027122,-0.00018498,-0.00027616
