2.2848,-0.22164,-0.6763,-0.77656,-1.4868,0.32364,-0.61826,0.021204,-0.0005918,-0.23653,-0.011664,-0.11034,0.09805,-0.002187,0.025237,-0.0035247,0.0077148,0.010558,-0.0017509,-0.0092659,0.0020075,-0.0060607,0.0082122,0.005724,0.0032757,0.0010163,-0.0046568,-0.0034196,-0.0032719,-0.00026944,0.00013308,0.0018366,0.0015595,-0.0014259,-0.001988,0.0012904,0.0013986,-0.00094308,-0.00023624,7.8206e-05,0.00086801,-0.0005949,3.7591e-05,0.0002785,0.00069311,-0.00017672,-0.00034678,-0.0007369,-0.00067859,-1.0106e-05,2.2095e-05,-5.8238e-05,0.00030663,0.0001955,-0.00052249,-0.00014327,0.00048984,-4.3917e-05,-8.8964e-05,0.00040522,-1.4917e-05,-8.6041e-05,6.1183e-05,-0.00022292,-0.00013477,0.00025724,0.00016589,0.0001265,-5.1557e-05,5.1114e-05,3.594e-05,-7.9779e-05,5.1401e-05,2.7957e-05,4.6343e-05,-3.683e-06,-6.2487e-05,8.7723e-05,-1.4332e-05,1.008e-05,-3.9408e-05,-1.947e-05,2.4697e-05
2.2329,-0.16406,-0.52301,-0.18275,-0.0033636,-0.023609,0.093076,-0.19535,-0.19425,0.31617,0.067646,-0.056016,-0.29245,0.056676,0.174,0.07434,-0.10685,-0.029496,-0.033108,0.016624,-0.023127,-0.047835,0.029832,0.031475,0.0034976,0.028177,-0.010544,0.0097787,-0.0023877,-0.00059172,-0.0034091,-0.0085245,0.0099509,-0.001753,0.0023278,0.00024042,-0.0047488,0.0042596,0.00076205,0.0011189,0.0059398,0.016832,-0.0038171,-0.0073608,-0.0034663,-0.0018918,0.00066642,-0.00047278,0.0085273,-0.0058731,-0.011727,0.00017604,0.0058632,0.0030592,0.0014265,-0.0040616,-0.0082008,0.0073819,-0.00099044,0.0021359,-0.00044971,-0.0051148,0.00043675,0.0059924,0.01266,1.3337e-05,-0.0035213,-0.015085,-0.025501,-0.0025329,0.0086327,0.012898,0.0060087,-0.0044803,-0.0016474,-0.0085329,-0.0027671,-0.0023964,0.00076357,0.0046526,0.0017519,-0.001506,0.0005447
1.9071,-0.47212,-0.54798,-0.22007,-0.014145,0.011032,0.21614,-0.24377,-0.1697,0.28063,-0.014093,-0.1317,-0.30634,0.054731,0.21257,0.072435,-0.13596,-0.062422,-0.028495,0.026083,-0.019919,-0.024519,0.037946,0.015908,-0.028176,0.0051378,-0.003454,-0.010218,-0.0094467,0.003081,0.012977,-0.00045826,0.00077118,-0.00090666,-0.0026743,0.0060944,0.003138,-0.0032325,-0.0061663,0.0079126,-0.011537,-0.0069221,0.0072943,0.011193,0.0020227,0.00058056,-0.0010176,-0.0036152,-0.0074718,0.0050248,0.0086221,-0.00094597,-0.0055563,-0.00089658,-0.0032255,0.0046387,0.0065632,-0.0091138,0.0028241,-0.0020137,-0.0030042,0.005585,-3.8909e-05,-0.0059898,-0.010683,0.0020182,0.0018607,0.013753,0.023256,0.0019912,-0.0081992,-0.01278,-0.0053933,0.004742,0.00099034,0.0072374,0.0027812,0.0031778,-0.00078377,-0.0041592,-0.0018262,0.0014983,-0.00091588
1.5437,-0.33963,-0.30992,-0.41386,0.1615,0.18359,0.054549,-0.1286,0.037498,0.032272,-0.047336,-0.022507,-0.18887,-0.039642,-0.081941,-0.0033137,0.15675,-0.092319,0.026955,-0.0037379,0.069495,0.020128,-0.086603,-0.11497,0.036581,0.011561,0.047185,0.032037,0.0032962,-0.018243,-0.005575,0.022762,-0.024616,0.031459,-0.0098213,-0.028236,-0.0082807,-0.0012116,-0.0080403,-0.0092225,-0.037871,0.029884,-0.0005526,0.020881,0.0017928,0.0012993,0.0094559,0.022968,0.018919,-0.013684,0.0029155,-0.0075381,0.0097237,0.0037041,-0.0022638,0.012947,0.0001886,-0.011016,0.0095483,-0.0091256,0.0024416,0.0084865,-0.0098138,-0.00013186,-0.001579,-0.0086196,-0.0049067,-0.0030581,-0.00016066,-0.0019584,0.0018241,-0.0012498,0.00010071,0.00073352,-0.0015324,-0.0022311,0.0018236,-1.2287e-05,-0.00017979,0.00035383,0.00041165,0.00059832,0.00059042
1.8785,0.020436,-0.54757,-0.38976,0.29395,0.26849,-0.10921,-0.042553,-0.087237,0.036033,0.02128,0.04278,-0.29825,-0.064712,-0.16637,0.04036,0.18149,-0.058198,0.051421,0.012152,0.0438,0.04685,-0.1071,-0.0062213,-0.005859,-0.012034,0.010873,-0.014758,-0.00070477,0.0044612,-0.019745,-0.04064,0.0078685,-0.023478,0.025486,0.008121,0.0016644,0.0078888,0.019049,0.010075,0.032626,-0.02316,0.0042803,-0.032824,-0.0024747,-0.00081424,-0.0097771,-0.011357,-0.005361,0.014114,-0.0034712,0.011654,-0.0098221,-0.006586,0.0039536,-0.014355,0.0014304,0.01313,-0.01329,0.0070563,0.0021989,-0.0080364,0.0099746,-0.0025532,0.0016583,0.004088,0.0039556,0.0049646,0.0027944,0.0030978,-0.0020222,-0.00033245,-0.00080662,0.00065977,0.0015023,0.0018155,-0.0015595,-0.0011538,0.00013274,-1.9118e-05,-9.324e-05,-0.00030009,-0.0004683
1.5886,0.13948,-0.48853,-0.39293,0.65417,0.26311,-0.12309,0.16999,-0.13312,-0.26055,-0.027966,-0.076634,0.029047,-0.11102,0.014509,0.03184,0.016325,-0.014593,0.017906,-0.0084767,-0.069005,0.0041984,0.035756,0.044352,0.060831,-0.0049719,-0.072316,-0.042262,-0.029762,-0.00049854,0.0073356,0.045287,0.010835,-0.018078,0.014511,0.016818,0.03239,-0.0092278,-0.011622,-0.025431,-0.010463,-0.019478,-0.018453,-0.0070289,0.0047636,-0.0023477,-0.0048627,-0.0024323,-0.012194,-0.0040584,0.0034884,-0.0061488,0.014759,0.013354,-0.0060164,0.0030652,0.010874,0.0016535,0.0053164,0.0076642,0.010974,0.016378,-0.01802,-0.0042319,-0.001956,-0.006687,0.0014274,-0.002484,-0.0017535,0.00027418,0.0026802,0.0033473,-0.0016581,-0.0015439,0.00069961,0.0007578,-0.0052208,-0.0016173,-0.0014946,-0.0027869,0.0014056,-0.00066912,0.00073552
0.87401,-0.30183,0.039773,-0.18506,0.14093,0.006005,0.15117,-0.083984,0.13205,-0.042994,-0.0064411,-0.10031,0.19724,0.099947,0.059439,-0.034682,-0.049192,0.065998,-0.038038,-0.0062807,0.039464,-0.066168,-0.053008,-0.031742,-0.067329,0.03512,0.016402,-0.017403,0.023519,-0.042926,-0.024999,-0.040135,0.0095445,-0.035227,0.008906,0.040902,0.00035544,-0.0044467,0.017585,-0.010221,0.0086911,0.0041396,-0.020679,-0.009412,0.00097226,-0.0065611,-0.0032088,0.0089434,0.0062349,-0.0060081,-0.0062944,-0.0086621,0.0077865,0.0074228,-0.00039309,-0.0019225,-0.0067489,-0.0015564,-0.012336,0.0015584,0.018047,0.0041458,-0.012282,-0.004254,-0.0011319,-0.012208,-0.0034447,0.0077543,0.0024554,0.0033634,0.00061266,0.0044332,0.0093518,0.019824,0.0038997,-0.0017093,0.0062654,0.0015265,0.0037972,0.0031959,0.0012159,0.0013579,-0.0029018
0.27841,-0.63469,-0.23654,-0.23142,0.16836,0.011321,0.22405,-0.12423,0.022186,-0.12148,-0.099398,-0.22546,0.13614,0.088491,-0.00021374,-0.0506,-0.044732,0.094712,-0.048957,0.036922,-0.027197,-0.021061,-0.085269,-0.073829,-0.074103,0.033331,0.02192,-0.0036793,0.01737,0.010254,0.014899,-0.023581,0.0099026,-0.015241,-0.00057737,0.021292,0.014048,0.0027497,0.0063102,-0.02324,-0.0025823,-0.023111,-0.019395,-0.0039589,-0.0036109,0.0015497,-0.0048787,0.0016142,-0.0067057,0.011703,0.013306,-0.010296,-7.3777e-05,-0.0049818,-0.0055063,0.008364,8.3773e-06,-0.0068188,0.015121,-0.0020889,-0.0065474,-0.0069957,0.0088489,0.0054162,-0.0022143,0.0090736,0.0027037,-0.014083,-0.0035486,-0.0055256,-8.7596e-05,-0.0030374,-0.010163,-0.018976,-0.0041464,0.0019315,-0.0054362,-0.0013121,-0.0023433,-0.0033772,-0.0015326,-0.00090827,0.0028902
1.3696,-0.20826,-0.16929,0.236,-0.095882,-0.12272,0.14353,-0.10593,0.080296,0.15221,0.023088,-0.027005,0.06747,-0.056888,-0.053263,-0.026779,0.11826,0.024816,-0.040153,-0.074235,-0.0023701,-0.053633,0.08222,-0.094819,0.039077,-0.018726,0.0010891,-0.009778,0.0016166,-0.0079777,0.017284,0.03043,0.07152,0.022901,-0.01159,0.035782,-0.043421,0.0090618,-0.0057657,0.027951,0.018079,0.018897,-0.006648,-0.022864,0.004983,0.014412,-0.00615,-0.0040871,-0.01028,0.0091899,0.0030551,-0.0017243,0.018711,0.010336,-0.013583,-0.023769,-0.0044541,0.0035567,0.018382,0.0072503,-0.0021255,-0.0043131,-0.0018625,-9.1035e-05,-0.0032628,0.00058723,0.001694,0.00088984,0.0057069,-0.0004982,0.0005752,0.0010429,-0.0034635,7.5649e-05,0.0025638,0.0012506,0.00026851,-0.0027535,-0.0020035,9.468e-05,0.0005943,-0.00072583,-0.00032406
2.0104,0.19876,-0.11725,-0.27678,0.1648,0.15566,0.060628,-0.05879,0.19301,0.14991,0.10388,0.15665,0.057071,-0.081544,0.021154,-0.075601,0.095803,0.049723,0.042384,-0.045459,0.16954,-0.016359,0.044837,0.11101,-0.070549,-0.084442,0.0014917,-0.044292,0.022112,-0.004644,0.012789,-0.0091045,-0.0058018,-0.0029278,-0.017801,-0.0029108,-0.0049433,-0.012878,0.015354,0.020763,-0.0073278,-0.0090608,0.0054086,0.030456,-0.016946,0.0071077,-0.010013,-0.0094527,-0.013615,-0.00053153,0.011301,-0.021288,0.00090839,-0.0034735,-0.0046031,0.006337,-0.0013223,-0.0070432,0.006996,-0.003117,0.0011189,0.0027362,0.00051288,0.0049361,-0.0028608,-0.0003045,0.00072621,-0.010576,-0.0028679,-0.0049382,-0.00060631,0.0025855,-0.0002817,-0.0018255,8.5794e-05,-1.6451e-05,0.001822,0.0015391,0.0013602,0.0014989,0.00041505,-0.00018426,0.00081905
1.5191,-0.02432,-0.34471,-0.33853,0.48907,0.18,-0.069894,0.10751,-0.049993,-0.19109,0.0017905,-0.049908,0.092605,-0.062281,0.042374,0.0042832,-0.036016,0.015722,0.036849,-0.015178,-0.033095,0.0022149,0.027142,-0.007225,0.03322,-0.025803,-0.010179,-0.011839,-0.012089,0.012792,-0.0094165,0.012699,0.016123,0.032941,-0.019442,-0.0026529,0.012316,-0.0019402,-0.023354,-0.010772,0.023019,0.0024087,-0.01464,0.003268,-0.0018401,0.0066623,0.013397,0.015598,0.0050386,0.0066906,0.00025993,-0.0026195,-0.015743,-0.0023274,0.0097821,0.0040685,-0.02152,-0.0067007,0.006218,-0.013076,-0.010484,-0.026691,0.011362,0.012306,0.0034174,0.012501,-0.003621,0.0041683,-0.00070813,-0.0021978,-0.0036522,-0.0013114,0.0092679,0.0093012,-0.0043759,0.0014539,0.012963,0.0055319,0.0035165,0.0022103,-0.0047388,0.0020816,-0.0023192
1.9804,0.19675,-0.036123,-0.24856,0.33179,0.1622,-0.0026743,0.074349,0.14592,-0.063033,0.060223,0.047513,0.16874,-0.0045173,0.095487,-0.03103,-0.028736,-0.014744,-0.0014391,-0.0273,0.077511,-0.036929,0.050562,-0.020342,0.018693,0.0045921,-0.0074555,-0.016643,0.0084362,-0.055299,-0.025851,0.0016641,0.013619,-0.016483,0.0055616,0.014145,-0.016697,-0.0074933,-0.013806,-0.011651,-0.0069702,0.023671,0.0012722,0.022542,0.010686,-0.01688,0.018331,-0.0032188,0.020817,-0.0063283,-0.026132,0.01926,-0.011742,-0.012677,0.011769,-0.0057761,0.0037382,0.0019271,-0.01746,0.0012326,-0.016643,0.001183,0.015209,-0.0082332,-0.00048531,0.0010248,0.0029305,0.008079,0.0022328,0.0046063,-0.00042095,-0.0043031,-0.0094368,-0.01152,0.0035018,-0.0038067,-0.0088483,-0.0048933,-0.0029319,-0.00090404,0.0028804,-0.0011488,0.0010839
1.3038,0.078207,-0.29607,-0.37965,0.5513,0.29074,-0.094211,0.20114,0.010426,-0.26545,0.0069807,-0.041746,0.16053,-0.010382,0.060285,-0.034231,-0.10086,0.03202,-0.016367,0.013153,-0.0037309,-0.0054315,0.037718,-0.003376,-0.042225,0.061517,0.044066,0.073116,-0.0091347,0.048886,0.035311,-0.019324,-0.027351,0.029997,-0.0050806,-0.035982,-0.030367,0.015568,0.017624,0.045918,-0.00025071,0.018139,0.039221,-0.012692,-0.0023683,0.007168,-0.013876,-0.010266,-0.0024987,0.0016973,0.007354,0.0094493,0.0047711,-0.00013108,-0.0064636,-0.0068412,0.0067951,0.0095225,-0.00039247,0.0043302,0.0018301,0.0055798,-0.0012158,-0.003011,0.0021062,-0.001967,-0.00080002,-0.00010442,0.00087184,0.000728,0.00092767,-0.00056884,0.0015698,0.0018352,0.00038648,0.00019808,-0.00084178,-0.00014149,-0.00062809,0.0008289,0.00087542,-0.00036982,-0.00017027
1.4028,0.017403,-0.30937,0.78315,-0.13763,0.053694,-0.031665,0.15787,0.23225,0.23615,0.2758,-0.20632,0.089368,-0.27959,0.076717,0.0099975,-0.080747,0.08453,0.00046295,0.0047645,0.088932,0.045932,-0.079832,-0.00018187,0.031324,0.067527,-0.018236,0.017641,-0.044371,-0.014422,-0.017008,0.0069622,-0.0098836,0.027437,0.047861,-0.0085376,0.024195,0.025039,0.0094833,0.0016734,0.0048868,-0.015066,-0.0087359,0.0081018,-0.006707,0.016423,0.019265,-0.0064894,-0.011251,-0.00059391,0.001941,-0.0015681,-0.00062823,-0.00043638,4.3125e-05,-0.0027731,-0.0021342,0.00042864,0.0040989,0.0020362,-0.0044167,0.0015483,-0.0011921,0.00084839,0.00082412,-0.0023946,-0.0010156,0.0011884,0.0025158,7.6899e-05,-0.00039044,0.00071647,0.00099191,-0.00085448,0.00029384,0.00030128,0.00075746,-0.00072624,-0.00021597,5.0114e-05,-2.5335e-06,4.7886e-05,-6.5e-05
-0.03325,-0.20337,-0.14179,0.15144,0.014253,0.063918,-0.087339,0.039368,0.089677,0.12353,0.29928,-0.10889,0.01745,-0.02451,-0.01001,0.016885,-0.031087,0.082326,0.082674,0.070024,-0.071592,0.12988,0.040232,-0.022698,-0.021228,-0.064266,0.022823,-0.0010146,-0.016008,-0.012882,0.01405,-0.011077,-0.0033546,-0.03513,-0.035376,0.0043172,-0.0059469,-0.0016515,-0.0058138,0.0085625,0.0077675,0.013022,0.0047435,-0.017378,-0.0054202,-0.011505,-0.0070324,0.013647,0.014583,0.0014469,-0.020529,-0.0032882,0.006635,0.0021385,-0.0033124,0.0014732,-0.014875,-0.0031909,-0.004429,-0.0047166,0.016762,0.0065029,-0.00018664,-0.00024722,0.00095298,-0.0072001,-0.015713,0.0084464,-0.0042736,-0.0085749,-0.0011114,-0.0058557,0.0016897,-0.011938,-0.00029025,0.0093721,-0.00036231,0.0042284,-0.0014505,-0.0041163,0.00039534,-0.0019747,0.0020876
-0.15137,-0.5926,-0.03582,0.071458,-0.0288,-0.02819,0.1206,-0.079644,0.17968,0.095317,0.13776,-0.23248,0.045858,-0.064171,-0.014031,0.0075253,0.022482,0.039246,0.056571,0.029865,-0.052941,0.12192,0.017954,-0.012361,0.027433,-0.0024312,-0.0024404,0.013789,-0.021872,-0.01623,0.021367,-0.017878,0.00077418,-0.023609,-0.035567,0.013783,0.0018689,-0.043456,0.0020682,-0.014467,-0.014999,0.017235,0.011353,0.0062672,0.0059722,-0.016852,-0.030924,-0.012472,0.0070398,-0.0066197,0.019289,0.008209,-0.0071812,0.0036469,0.00040528,-0.00051172,0.018843,-0.001133,-0.0036924,0.0010381,-0.010445,-0.0072928,-7.7102e-05,-0.00099947,-0.0032538,0.011779,0.013605,-0.011484,0.0013648,0.0091612,0.0017097,0.0047966,-0.0015423,0.012545,-0.0018052,-0.0085295,7.4114e-05,-0.0031061,0.0019953,0.0041446,-0.00048056,0.0019053,-0.0020436
-1.5392,-0.56258,-0.022296,-0.081704,0.063217,0.07075,0.087615,-0.093258,-0.022112,-0.116,0.063349,-0.16637,0.002877,0.11244,0.047641,-0.013649,0.0063366,0.035635,-0.14088,0.048489,0.0063313,0.049132,-0.040816,0.065638,0.03555,-0.073797,-0.00077633,0.029183,0.048288,-0.044837,-0.046707,0.018982,-0.0065527,0.0082384,-0.0026206,-0.018627,-0.0038794,0.010982,-0.0071039,0.022509,0.014617,0.0065837,0.0052559,-0.012777,-0.0071525,-0.0029539,0.0085976,0.00028741,-0.0052992,-0.014949,0.0059131,0.0083716,0.012234,0.0006771,0.012394,-0.0012214,-0.0055122,0.0059388,0.0030853,-0.0043823,-0.0018175,-0.011679,-0.015664,0.017455,-0.0024061,-0.0063892,0.015892,-0.0025738,0.0066102,0.00071157,-0.0095591,-0.0026743,0.0043334,-0.0010952,0.0031394,-0.0016372,-0.0052214,-0.0039425,-0.0030322,-0.0053248,0.0044348,-0.0014388,0.0031536
-1.4502,-0.94937,0.1002,-0.16632,-0.01033,-0.066815,0.29689,-0.22168,0.050634,-0.10642,-0.090813,-0.24508,0.05473,0.051389,0.078808,-0.042921,0.042884,0.038066,-0.076045,-0.021796,-0.0073997,0.027468,-0.053909,0.033856,0.046353,-0.073001,0.0061689,0.02373,0.018674,-0.018812,-0.014939,0.034526,0.029034,0.0098194,0.0074099,-0.035977,0.0075006,0.007338,-0.013912,0.0044907,-0.0018755,-0.020515,0.020442,0.0012357,0.0075302,0.015171,-0.0031214,-0.015318,-0.0031881,0.012242,-0.012042,-0.0023261,-0.011275,-0.0022648,-0.010064,-0.003693,0.0082779,0.0013327,-0.0064371,0.0019156,8.8248e-06,0.015548,0.015444,-0.017652,-0.001639,0.0021886,-0.014605,0.0043066,-0.0096297,-0.0021828,0.0098179,0.0039704,-0.0027425,0.002043,-0.001111,0.0016334,0.005545,0.0023021,0.0038176,0.0054765,-0.0029422,0.00095612,-0.0027707
0.77912,-0.19779,-0.34103,0.47091,-0.086318,0.13951,0.066408,-0.028134,-0.15802,-0.031979,-0.20021,0.28012,0.0070119,-0.00045091,0.13022,-0.066008,-0.034504,0.091326,0.023678,-0.014617,0.051281,0.051088,-0.061623,-0.035524,0.016472,-0.0020142,0.015305,-0.0097458,-0.010919,0.031557,0.027189,0.019726,0.024627,-0.041823,-0.048196,-0.0034837,-0.021532,-0.013214,-0.015,-0.00035822,-0.0064369,-0.02451,0.0075121,-0.01678,0.0043804,-0.0066067,0.028501,-0.015682,-0.0044826,-0.0088346,0.011569,0.011932,0.0059194,-0.023544,-0.0032236,0.010629,-0.0074138,0.0031597,-0.012585,0.0089229,-0.013238,0.0010948,-0.017567,0.0038531,-0.00089104,-0.00016382,-0.0031624,0.0048115,-0.0010841,-0.0093611,0.0037946,0.002357,0.0011836,0.0038565,-0.00069265,-0.0019992,0.00042075,-0.0025001,0.00069854,0.00020047,-0.00056854,0.00054533,0.00091947
0.863,-0.27835,-0.20405,0.19721,-0.073704,-0.044887,0.13848,-0.099267,0.0012782,0.0527,-0.042723,0.022244,0.047041,-0.0028225,-0.039945,-0.044728,0.065771,0.022344,-0.021654,-0.021647,-0.022472,-0.033525,0.038665,0.011757,-0.026255,-0.019493,0.021207,0.023392,-0.039065,-0.0059263,0.016365,0.010143,-0.016872,0.023261,0.0060744,0.011672,0.021162,-0.0076446,0.0014471,-0.0031223,-0.0017751,-0.030824,0.0053741,-0.005,0.024925,0.0062619,-0.0033899,0.020272,0.022224,-0.00052764,0.0077564,0.009264,0.0017008,-0.014298,0.015418,-0.0044027,-0.0058559,0.013748,-0.010001,-0.0048332,-0.0035846,0.0050977,-0.0018756,-0.0024918,-0.0036253,-0.0070579,0.0074151,-0.0089491,0.0011342,0.0025414,0.0020093,0.0042638,0.0035155,-0.0033792,0.0026948,-0.0038488,0.00089202,0.017641,-0.0095589,-0.0086302,-0.0017281,-0.0078583,-0.011725
0.99808,-0.28763,-0.213,0.20031,-0.07792,-0.045679,0.13152,-0.079696,0.0081294,0.067379,-0.052809,0.040441,0.049115,-0.0016272,-0.044495,-0.038722,0.039897,0.01823,-0.00126,-0.017095,-0.029673,-0.024281,0.06197,0.012851,-0.033692,-0.010348,0.0098877,0.011372,-0.033759,-0.0050254,-0.0020956,0.0068784,-0.025718,0.028037,0.0060551,0.0020781,0.025859,-0.00018888,-0.0021405,5.8239e-05,-0.0018013,-0.037193,0.0056516,-0.014166,0.021295,0.0026636,-0.010427,0.027499,0.019927,0.0017143,0.0039329,0.0050932,0.005032,-0.0022301,0.012368,0.00017348,-0.0020478,0.01517,-0.0030756,-0.0097733,0.00088423,0.0010126,0.00046579,-0.0034441,-0.0052291,-0.0056846,0.0058944,0.0035129,-0.0024073,-0.0070503,-0.0021871,-0.0061401,-0.0023509,-0.00069426,-0.00036786,-0.00047557,0.0011253,-0.014251,0.011401,0.0090416,0.0017932,0.010717,0.012158
0.22349,-0.28349,-0.1726,0.22862,6.1807e-05,0.050243,0.036358,-0.034768,-0.025575,-0.02875,-0.015637,-0.01127,0.00074154,0.0054628,-0.071161,-0.0066945,0.074804,0.00057367,-0.053254,-0.0038583,-0.040263,-0.038409,0.020675,0.020403,-0.022476,-0.019592,0.02049,0.045025,-0.021027,-0.0082744,0.015868,-0.0031649,-0.014148,-0.007876,0.015579,-0.010891,0.0069651,-0.018725,0.0047242,-0.004853,0.0055634,0.0092334,-0.011032,0.014059,0.0035601,-0.014075,0.022078,-0.012447,0.0045961,-0.011042,-0.0060299,-0.0078333,-0.0055127,-0.0010363,-0.0019348,-0.0090492,-0.0075277,-0.014551,-0.0022805,0.017766,-0.0019511,-0.0037426,-0.0086186,-0.013879,0.013729,0.0082833,0.0071431,-0.0045191,0.0082429,0.0016728,0.0027803,0.0029553,0.0081346,0.0019323,-0.0016049,0.013552,-0.0041643,0.0040826,-0.0027827,0.0077239,-0.010725,-0.0074797,0.013035
0.43674,-0.32082,-0.23105,0.21831,-0.020725,-0.0056472,0.071634,-0.037731,-0.0053236,-0.0097754,-0.076167,-0.027263,0.0079499,0.0042127,-0.1265,-0.015282,0.088,0.018023,-0.040034,0.0051839,-0.054607,-0.029706,0.023208,0.039259,-0.031856,-0.0079328,0.0030821,0.029327,-0.02888,0.0052414,0.013281,-0.0081729,-0.01594,-0.015983,0.024197,-0.021341,0.012498,-0.0036414,-0.0033811,0.0012813,0.0035652,0.013883,-0.01258,0.0024571,-0.0053124,-0.022702,0.0098645,-0.010668,-0.0040345,-0.0060801,-0.0084695,-0.012422,0.0017045,1.0429e-05,-0.0094143,-0.0081886,-0.0012016,-0.017914,0.00085815,0.013849,-0.010653,-0.0019821,-0.0033873,-0.0012112,0.0093348,0.00348,0.00068635,0.0084951,1.824e-05,-0.010598,0.0015679,-0.013587,0.0028939,-0.0035443,-0.0079743,-0.009384,0.0043279,-0.0045319,0.0069897,-0.004244,0.013316,0.003743,-0.012517
0.29427,-0.30356,-0.1747,0.28134,-0.022202,0.070469,0.026188,-0.013845,-0.032353,-0.049757,-0.077997,0.050325,-0.0033443,0.04343,-0.070459,-0.0099636,0.031526,-0.015213,-0.025354,0.019117,-0.013699,-0.0075516,0.027335,0.014498,-0.0060583,0.0089315,-0.010822,0.013649,-0.019668,-0.023341,-0.0057222,-0.0026488,-0.018429,-0.0057816,0.024426,0.010905,0.0009612,0.0012994,-0.00041295,-0.0044724,0.0032257,0.017353,-7.1694e-05,-0.0048366,0.00074523,-0.0068148,-0.0057173,-0.0069377,-0.0063325,-0.0013771,0.0036182,0.0077662,0.0017494,-0.0063914,0.00142,0.0048472,0.0082664,0.0011744,0.0051433,-0.0060513,-0.012349,-0.00063341,0.0046328,0.024039,-0.012401,-0.003024,-0.026857,0.00011184,0.0062407,0.0036898,0.00080312,0.011108,-0.0095816,0.0054823,-0.0010767,0.0060121,-0.0089537,0.010314,0.016235,0.0026424,0.0058275,-0.0072008,0.0027614
0.39124,-0.22065,-0.17255,0.30163,-0.023347,0.0889,0.013087,-0.0073903,-0.034392,-0.028766,-0.060818,0.08054,0.005535,0.021853,-0.049135,-0.007826,0.025529,0.0029758,-0.035134,0.0028408,-0.0032977,-0.016564,0.020964,0.034421,-0.013442,-0.0020912,-0.00030146,0.019878,-0.020163,-0.014499,-0.0070264,-0.0099546,-0.014941,-0.010081,0.020898,-0.00042758,0.005549,-0.0064653,-0.0017855,-0.0016138,-0.0037051,0.0083586,0.0022422,-0.005387,0.0041439,-0.0094421,-0.004375,-0.0049693,-0.001508,-0.0051169,0.0023358,-0.0015444,0.0021904,0.0026256,-0.00030112,-0.00045709,0.0080697,-0.0073124,-0.0013324,-0.0058293,0.0038673,-0.0050773,0.0059878,0.019495,-0.0091666,-0.004443,-0.016431,0.0038752,-0.0052493,0.0051688,0.0075744,-0.0015752,-0.0056581,0.0037997,-0.00051371,0.0024385,0.0072223,-0.018458,-0.020862,-0.0019906,-0.012932,0.0015672,-0.0036748
0.14715,-0.50231,-0.11487,0.17026,-0.038081,-0.014888,0.088754,0.0011437,0.092783,0.027506,-0.016563,-0.12392,0.014343,-0.013141,-0.081786,0.021953,0.052604,-0.032782,-0.0015074,0.027031,-0.030341,-0.02976,0.029969,-0.022734,-0.017027,0.023433,-0.026803,-0.022812,0.026729,0.018662,0.0084082,0.0078099,-0.0088911,-0.0019078,-0.013527,-0.02862,-0.012313,0.00082433,-0.0065496,0.0048939,0.0086751,-0.014812,0.0064515,0.0069026,0.0066728,-0.021991,0.005241,-0.0029562,-0.0092843,0.011727,0.0032673,0.0018024,-0.0052789,-0.0016273,0.0040843,0.013829,-0.0015517,-0.0085331,0.00078093,-0.0036189,-0.0039131,0.0038389,0.003512,-0.007077,0.0051704,-0.004887,-0.0093012,0.0039221,0.0018,-0.00029096,-0.026836,0.022462,0.012864,-0.0041734,0.0085615,-0.0014823,-0.0086758,-0.0061099,-0.0024798,0.001057,-0.0029328,0.0055912,-0.0052331
0.19045,-0.29755,-0.17865,0.29635,-0.013875,0.014665,-0.0057942,0.059593,0.048371,0.033938,0.038573,-0.11394,-0.0016565,-0.032325,-0.082117,0.0011774,0.038525,-0.023054,-0.029733,0.027304,-0.0056775,-0.016536,0.025035,0.0047513,0.0069145,0.043147,-0.023601,-0.031246,0.039571,0.036453,-0.0066568,0.0021862,0.016938,-0.015456,-0.005781,-0.014123,-0.029629,0.01114,-0.01664,0.0055861,0.0029915,0.0072635,-0.0035479,-0.0083034,0.01309,-0.024774,0.0072512,0.0025189,-0.017738,0.008568,0.0025143,-0.0030776,0.00073415,-0.016359,0.0096508,0.01388,0.0080308,-0.0065453,-0.0030231,-0.0076847,-0.00097925,0.013999,0.015714,0.0091461,0.0035759,-0.022481,0.020281,-0.0031171,-0.013447,0.0058267,0.0072301,-0.014192,0.0013016,0.0059771,-0.0059706,0.007126,0.002083,0.0068246,0.001658,0.0039582,-0.0019173,-0.00083757,0.0011165
-0.15447,-0.41392,-0.11263,0.35464,-0.037925,0.072984,0.022459,0.049061,0.078139,-0.00084289,-0.0082667,-0.097109,0.0045331,-0.044494,-0.041287,0.019629,0.016923,-0.051096,-0.016192,-0.0076173,0.011766,-0.032224,-0.0031123,0.026286,-0.017104,0.010036,-0.010032,-0.02041,0.02314,0.030615,-0.0013669,-0.00026936,-0.001055,0.001831,-0.0087465,-0.013793,-0.0051902,-0.00083082,-0.010683,-0.0015219,-0.0070939,-0.0036458,0.0041019,-0.0065345,0.012977,-0.015544,0.0010797,0.0081944,-0.0057258,0.0098745,0.0016091,0.0028732,0.0026071,0.0030596,-0.00058619,0.0091047,0.00028558,-0.00060816,0.00040033,-0.0039766,0.011797,-0.0077151,0.0058106,-0.01092,-0.0026105,0.014461,-0.0097783,0.0059925,0.00077675,0.00085022,0.0039004,0.0016819,-0.00090718,0.0063574,0.00047138,-0.016394,0.0076907,0.0031133,-0.0097407,-0.0091407,0.011495,-0.008358,0.015239
-0.17219,-0.13735,-0.15076,0.53279,-0.0016244,0.20078,-0.13771,0.15463,0.033841,-0.027219,0.087574,-0.029998,-0.02117,-0.030935,-0.012863,0.046794,-0.023747,-0.067599,-0.057402,-0.0053771,0.031487,-0.031764,-0.02099,0.034445,-0.010161,-0.01015,-0.010013,-0.0137,0.055552,0.013183,-0.013386,-0.0074808,-0.0098822,0.010296,-0.0054673,-0.0015135,-0.013481,-0.0023824,-0.01071,-0.003748,-0.0099976,0.012848,0.005625,-0.0073975,0.012574,-0.018296,-0.0043016,0.011444,-0.0020189,-0.0017043,0.0029523,0.0090841,0.017176,0.0023573,0.010412,0.010556,-0.014586,0.0083887,0.0024362,-0.00095787,0.017298,-0.011323,-0.010414,-0.014513,-0.0012881,0.017746,-0.00038663,-0.0022245,0.0075592,-0.0028981,0.012067,0.0024314,-0.01426,-0.0048186,-0.0038694,0.0036541,-0.004182,0.0011536,0.007182,0.0041458,-0.0071945,0.005035,-0.010593
0.40354,-0.065771,-0.23965,0.56476,0.005692,0.20868,-0.17992,0.11144,-0.17299,-0.108,-0.0027293,0.16191,-0.04837,0.02739,0.012111,0.021176,-0.06892,-0.0074569,0.014005,-0.011182,-0.048431,0.011789,0.0048354,-0.027996,-0.015429,-0.07045,0.040835,0.050629,-0.0060361,-0.0065209,0.0016358,-0.039161,0.032673,0.013262,-0.00052682,-0.02136,0.0050323,-0.0040403,0.0042963,-0.012965,0.017704,0.0014959,-0.019532,0.013493,-0.023036,0.00080622,0.0078274,-0.0050534,-0.0072292,0.009073,-0.007392,-0.010838,-0.013904,0.008857,0.0023799,0.0021174,-0.014109,-0.0016473,0.0099062,-0.0092962,0.00035134,0.010174,0.0068796,-0.013099,-0.0078749,-0.013359,0.010851,-0.0066994,-0.0041299,0.005517,-0.0022796,0.0070896,-0.01514,0.010729,0.0036814,-0.0059202,-0.0044424,-0.0018635,0.0011943,-0.0064278,0.0011237,0.0028333,0.00049938
0.36237,-0.27719,-0.14113,0.4697,-0.073506,0.12835,0.037309,-0.019967,-0.064626,-0.051402,-0.11947,0.14713,0.014351,-0.015472,0.059236,-0.017685,-0.015247,0.0043713,-0.018481,-0.056042,0.039552,-0.016221,-0.019949,0.013229,0.010955,-0.022139,0.024375,0.022303,-0.025905,-0.0085787,-0.018118,-0.031556,0.026083,0.00019116,-0.018445,-0.015933,0.001869,-0.016373,0.0022762,-0.024934,-0.014747,0.017325,-0.023915,-0.0034153,0.00033357,-0.0080975,-0.0018649,-0.0034746,-0.0076512,-0.0022022,0.0091882,0.0088901,0.00066387,0.02598,-0.0086485,0.0039786,0.027644,0.026821,0.0058015,-0.012572,0.012113,0.0023735,0.0090979,0.0035836,0.0091257,0.0077202,-0.00021455,0.0044616,-0.0011961,0.0043762,-0.0090306,-0.0078584,0.014722,-0.011382,0.0032138,0.004943,0.0012096,0.0064761,-0.0015508,0.0051363,0.0028386,0.0019655,-0.0012347
-0.11061,-0.36244,-0.033253,0.29812,-0.030657,0.052477,0.023199,-0.036461,-0.089346,-0.099511,-0.12316,0.11342,0.0041824,0.03746,0.037434,-0.034403,0.0035085,0.0037336,0.011414,-0.0070139,0.020618,0.017661,-0.0098271,0.0044473,0.024158,0.039428,-0.021303,-0.021746,-0.012091,-0.017537,-0.026439,0.020201,-0.032843,-0.017937,-0.010643,0.0068174,0.0015953,0.018233,0.0016792,0.018538,0.0026129,-0.00108,0.010673,-0.016593,-0.0097727,-0.0096003,-0.017511,-0.015901,0.014905,-0.0037716,-0.016141,-0.015137,0.0032754,0.00076056,0.0028901,-0.015547,-0.0063292,-0.016136,0.0095029,0.0018989,0.00072904,0.0026372,0.0036525,0.0013465,-0.00019443,0.0018158,-0.0013687,-0.0077879,0.0056228,0.010023,-0.0010053,-0.00047568,-0.0009228,-0.0046326,-0.0024108,-0.0078648,0.00025298,0.016615,-0.006134,0.001698,-0.0016692,0.018085,0.0048037
0.026989,-0.57591,0.013182,0.26509,-0.087069,0.047248,0.12644,-0.069163,-0.0017753,-0.065801,-0.20257,0.12619,0.031199,0.019547,0.081506,-0.025515,-0.030987,-0.016334,0.069682,-0.040541,0.033202,0.02003,0.0019318,-0.0050042,0.02914,0.046807,-0.019595,-0.035483,-0.010216,-0.0063299,-0.051591,-9.7907e-06,-0.029985,-0.010579,-0.030745,-0.021092,0.012013,0.021908,-0.00088557,0.013305,0.0019339,-0.013785,0.010457,-0.01073,-0.0067565,-0.011895,-0.024764,-0.002223,0.018044,0.006225,-0.0060985,-0.0075547,-0.0015917,0.018346,0.0039606,-0.0087786,-0.0044124,-0.012354,0.013871,-0.0078793,-0.0019101,-0.0050653,0.0032588,-0.011178,0.0017313,-0.0021928,0.0073351,-0.0046024,0.00048645,-0.00072419,0.0003911,-0.00082683,0.0020418,0.00093519,-0.00065133,0.0085787,0.00025966,-0.010229,0.005021,-0.0018622,0.0013763,-0.016809,-0.0045338
-0.87868,-0.5328,0.08326,0.15217,-0.0012818,0.041271,-0.0054569,-0.0093398,0.058712,-0.03606,0.060906,-0.12228,-0.003555,0.0049331,-0.015908,0.03488,0.036692,-0.056218,0.057204,-0.01784,-0.038682,-0.055985,0.0050843,-0.015011,-0.011177,-0.00095831,0.026415,-0.014018,0.0081635,0.024409,0.026737,0.024171,-0.00079032,-0.035812,-0.01474,0.009934,-0.00098635,0.014385,0.014211,0.014755,0.00628,-0.013679,0.013822,-0.0030846,-0.030128,0.022033,0.034879,-0.0056429,0.013071,-0.031848,-0.010183,-0.019631,0.006365,0.030483,0.035256,0.013791,0.01763,0.016074,-0.0038132,0.011529,-0.0053503,-0.00079764,0.010611,0.0023062,-0.0063884,0.0051429,-0.0022874,-0.0045647,0.0012825,0.00019527,0.00017343,-0.0021107,-0.001228,0.0021303,0.0007182,0.0010507,0.0018819,-0.00074857,0.0016105,-0.001302,-0.00038261,-2.2102e-05,-0.001342
-0.60054,-0.61948,0.073068,0.13444,-0.0057268,-0.0013717,0.058117,-0.032862,0.068772,-0.051409,-0.021845,-0.14267,-0.00019811,0.0077009,-0.055919,0.02942,0.057532,-0.08179,0.0279,-0.0067267,-0.036714,-0.051654,0.042311,-0.015715,0.018621,0.047517,-0.0099437,-0.017989,0.010411,0.00096538,-0.010575,0.0029442,0.0014011,-0.020546,-0.012174,-0.0092717,0.0035933,-0.0073248,0.024252,0.0073236,0.019939,-0.019713,0.0071814,0.036036,-0.018174,0.0068873,0.011654,-0.025689,0.0091207,-0.016534,0.0086235,0.026161,-0.025188,0.00091277,-0.032137,-0.0096518,-0.01924,0.011149,-0.0074078,-0.026194,0.013384,0.0018893,-0.013934,0.0080566,-0.0035481,0.00077983,0.00032601,-0.0019917,-0.0034272,-0.002469,0.0029732,-0.00633,-0.0034538,-0.0028529,-0.00052835,-0.00033081,0.00044756,0.0013966,0.00079817,-0.00032919,-0.00026573,0.0008895,0.00036292
0.83611,-0.29936,-0.2323,0.13263,-0.047025,-0.093064,0.084911,-0.077547,-0.099473,0.013665,-0.11908,0.082379,0.01309,0.06145,-0.028662,-0.064994,0.020374,0.10367,0.012009,0.021782,-0.0083512,0.057693,-0.031227,0.01722,-0.00061942,0.021673,-0.04796,-0.023719,0.036825,0.026168,0.047323,0.015419,0.0055257,0.036996,0.01237,0.017578,0.0041877,0.0037209,0.01495,0.013921,-0.0056736,0.022861,-0.012661,-0.0038457,-0.00019718,0.0055585,-0.017636,0.02897,-0.027884,-0.0543,-0.020295,0.0071131,-0.038233,6.5772e-05,0.0016346,-0.0016783,-0.00067673,0.002523,-0.0014148,-0.0035007,0.0036796,-0.00035551,0.0035299,-0.0086211,-0.00030168,-0.00084082,-0.00088517,0.00013735,0.0015814,-0.00041865,-0.0021925,0.00029707,-0.0007663,-0.00050569,-0.00083654,0.000678,-0.0011021,-0.0013439,-0.0012828,7.9855e-05,0.00038936,-0.001213,-0.00025118
0.86964,-0.21256,-0.25401,0.2016,-0.031428,-0.049513,0.029726,-0.042839,-0.12947,-0.010111,-0.092366,0.10983,0.004424,0.087899,-0.020427,-0.059763,-0.0090951,0.090325,0.020592,0.038656,-0.020682,0.088992,-0.027958,0.017482,0.00059931,0.0044918,-0.049911,-0.033249,0.066052,0.028969,0.039245,0.0036049,0.0054585,0.028637,0.036733,0.011682,0.009232,-0.007345,0.022173,0.0069501,0.027706,0.020488,0.0037797,0.038933,0.0055755,0.0042501,0.020753,-0.0027008,0.045107,0.032557,0.0075029,0.006397,0.021691,0.01746,-0.0010522,-0.0024341,0.010477,-0.0024704,-0.003619,0.0011612,0.0035213,0.0027608,0.0005549,0.003491,0.0015503,0.0013159,0.0017119,0.0035515,-5.0627e-05,0.0016164,0.00049247,-0.00092566,7.1785e-05,0.00015349,0.00075416,-0.00054222,0.00036836,7.1378e-05,0.00036382,0.0006508,3.2717e-05,-0.00036558,-2.8166e-05
-0.084059,-0.41113,-0.041674,0.28128,-0.033379,0.028256,0.023805,-0.045929,-0.052947,-0.077856,-0.074088,0.027832,-0.00015488,0.051919,-0.026374,-0.013564,0.020497,-0.018376,0.0016177,-0.0094236,-0.021268,-0.0040504,0.020458,-0.023549,0.023968,0.012468,-0.012934,0.0024569,-0.033308,-0.03813,-0.00033547,0.018495,-0.0061872,0.0003495,0.032724,0.032859,-0.0019793,0.0093176,-0.00080729,0.0059659,0.0037131,0.032521,0.018866,0.0069924,-0.031474,0.023625,-0.027233,-0.011714,-0.0050112,0.020732,-0.00832,-0.023926,-0.00010438,-0.029266,-0.0020553,0.044151,-0.004734,0.013824,-0.011987,-0.0027293,0.0060372,-0.0031564,-0.0053963,-0.0039727,0.0042509,0.0093102,0.0092871,0.0043396,-0.0017915,-0.0031263,-0.0018252,-0.0018215,0.0040785,-0.001029,0.002942,-0.00031836,0.00035492,-0.0018826,-0.0021798,0.0011151,0.00050618,-0.0019701,-2.131e-05
-0.43923,-0.6289,-0.0032176,0.25891,-0.042174,0.26319,0.076443,0.016477,0.094516,-0.10202,-0.12899,0.081276,-0.035015,0.091181,0.036312,0.033637,-0.064961,-0.098445,0.052233,0.031129,0.013724,0.057202,0.057106,-0.066431,-0.0065346,-0.010696,0.0094612,-0.0029716,0.01336,-0.046658,-0.0051023,0.014004,-0.030269,-0.0084463,0.014081,0.015344,0.0054518,-0.0074062,-0.0022732,-0.0037306,-0.0067323,-0.0065583,0.022052,0.025185,0.015948,0.022187,0.01286,0.019175,-0.04684,0.0061886,0.018364,0.0027401,0.005798,0.0052344,0.0043878,-0.021527,-0.0032313,-0.0061378,-0.01329,0.019886,0.015841,-0.0070684,0.010689,0.0032662,0.0055309,-0.00084929,0.0002,-0.0051402,-0.0075314,-0.00049345,-0.0022585,-0.0019215,0.0033871,-0.0010697,-0.0034432,-0.0010104,0.0001442,0.00040612,0.00291,-0.0021269,0.00062172,0.0005865,-0.00029432
-1.1136,-0.34566,-0.008626,0.44617,0.014559,0.16181,-0.13386,0.078922,-0.049201,-0.11201,0.070574,-0.066606,-0.031523,-0.020155,0.0068276,0.049795,-0.018246,-0.071308,0.0020199,-0.024004,-0.0084993,-0.058332,-0.02634,0.020572,-0.010278,-0.037199,0.015278,-0.01261,0.0070425,0.0039588,0.0024939,-0.010623,0.016931,0.0013419,-0.011146,0.02615,-0.0043771,0.0018675,0.015739,-0.0059133,-0.0055385,-0.0043085,-0.0041976,0.002945,-0.021906,0.039578,-0.025247,0.0085466,0.017531,-0.0043662,-0.00010435,0.046288,0.0017613,-0.022051,0.011223,-0.00151,0.019214,-0.033695,0.014954,0.0074185,-0.001197,0.0031444,-0.0025679,-0.00042266,0.0088464,-0.0051658,-0.00098743,0.0045468,-0.0034928,-0.0048502,6.8323e-05,0.00061993,0.0052298,-0.0010428,-0.00010541,-0.00023252,0.0018475,-0.0010091,0.00023177,0.00068867,0.00065326,0.00029592,0.00057423
-1.1518,-0.40211,0.033156,0.51933,0.0049867,0.18443,-0.15385,0.12653,-0.017435,-0.12245,0.072959,-0.10668,-0.049564,-0.041214,0.026069,0.047812,-0.045852,-0.10366,0.0061281,-0.0301,0.0061587,-0.037637,-0.050881,0.018556,-0.0082167,-0.020578,0.0096187,-0.02204,0.04141,0.030263,0.010015,-0.0061332,-0.0010937,0.014986,-0.0092995,0.010036,-0.0036538,-0.010393,-0.0082582,-0.0078196,-0.023402,0.0053808,0.0036689,-0.0030536,0.019926,0.010808,-0.018873,0.017192,0.016932,0.0093015,-0.013489,-0.038416,-0.016762,0.0012871,-0.028318,-0.018646,-0.00054744,0.0093144,-0.019552,0.0093359,-0.02151,0.00093746,-0.0089644,0.013934,-0.0052432,-0.003503,0.00068783,-0.0015189,-0.00012798,0.0012135,-0.0049612,-0.0012117,0.0032672,-0.0019534,0.0031047,0.0014479,-0.001147,-0.0019097,0.001262,-0.00083096,-0.00045139,-0.00079413,0.00079733
-3.653,2.5035,0.74748,-0.024576,-0.13607,0.85288,0.18399,-0.29151,-0.25473,0.0095202,0.11581,-0.028831,-0.052953,-0.15574,0.088899,-0.14916,0.11118,0.0021375,0.0060927,-0.029892,-0.038556,0.014866,0.019777,0.0048303,-0.062644,0.067589,-0.023628,0.0085117,0.021926,-0.028133,0.011712,-0.0074432,0.016517,0.011443,-0.0068325,-0.0012981,0.01695,0.00044547,-0.024286,-0.010115,0.0085972,0.0039494,0.0073397,-0.00070532,-0.003652,0.0017372,0.00059469,0.0025576,-0.00077916,-0.00038527,0.00038789,0.0052973,0.0021937,0.0038838,-0.0015997,0.0029654,-0.0067301,0.0020161,0.002818,0.0048085,-0.002408,0.001424,0.0025607,-0.00022537,-0.00067557,-0.00097615,-0.0013643,0.00084221,-0.00015016,0.0014305,-0.00012204,-0.0017582,0.0012463,0.00090286,0.00013209,-0.00017847,-0.00072622,-0.00042839,-0.00019677,-0.00011332,7.0703e-05,-6.129e-05,-0.0003073
-6.6742,1.8366,-2.3605,-0.25034,0.017137,-0.28106,0.10141,-0.049802,0.060135,0.12691,0.0090071,0.10082,0.14578,-0.0048022,-0.048039,-0.0030854,-0.062843,-0.044761,0.063365,-0.023483,0.0054457,-0.017935,-0.0045619,0.00092723,0.013321,-7.9013e-05,0.014138,0.0067093,0.013886,-0.0055589,-0.0086358,0.0043257,-0.0026485,0.002195,0.0043714,0.003565,-0.0022144,0.00075137,0.00085484,-0.0021377,-0.00043553,0.00064763,-0.00079264,0.0024292,0.00044006,-0.0030991,-0.0013311,-0.0031781,-4.0374e-05,-0.0009289,-0.00058023,-0.0011494,-0.00092827,-0.001437,-0.00091049,-0.00062959,0.0010204,0.00058143,0.00042805,0.00097731,0.00067869,0.0006215,0.0001789,-4.3946e-05,-0.00016565,0.00022479,0.00025142,0.00031975,0.000325,0.00010346,-2.1671e-05,0.00033501,0.00023476,0.00038338,0.00022529,-6.1195e-06,-4.5177e-05,4.9699e-05,-0.00020929,-2.7284e-05,6.9433e-05,0.00020151,-7.025e-05
0.74585,1.593,0.19345,-0.019882,-0.22247,-0.18567,0.45395,0.30048,0.01986,-0.20344,-0.018256,-0.0049258,-0.090811,-0.049273,0.055271,0.11898,0.023323,-0.046484,-0.0089239,0.056965,-0.00016241,0.032561,-0.01589,0.024126,-0.033444,0.018748,0.027765,2.4339e-05,0.011531,-0.00013425,0.0042926,0.05002,-0.013937,-0.013335,-0.0225,-0.0049789,-0.0032906,-0.010256,0.021884,-0.011089,0.018142,0.026113,-0.034134,0.004386,0.023299,0.015198,-0.0079627,-0.024626,0.010238,-0.0090266,0.017142,-0.018649,2.9468e-05,-0.025312,0.014493,-0.014464,-0.0040343,0.011148,0.013324,-0.0027538,0.0060435,0.00058212,0.0079586,-0.0059182,-0.0048105,-0.00073337,-0.0014524,0.0076517,-0.0037527,-0.00086589,0.00107,0.00050593,0.0021322,-0.00079526,0.0036479,0.0015688,2.0939e-05,-0.0027633,0.0010688,-0.0020033,0.001297,0.0001147,-0.00018666
-3.65,0.14545,0.36326,-0.0022999,0.12717,-0.17035,-0.43202,-0.047967,-0.0056223,-0.062305,-0.14174,-0.19651,-0.15378,-0.051184,0.16976,0.010416,0.0018168,0.054511,-0.00061837,-0.080182,0.064521,-0.0060659,0.027205,-0.09772,-0.047794,-0.055193,-0.034742,-0.055162,-0.038671,0.0057715,0.013794,0.0052782,-0.030905,0.008493,0.036167,-0.0366,-0.0023082,-0.039225,0.037323,0.01228,0.01962,0.011995,-0.010518,-0.014992,0.013011,-0.010748,0.0018054,-0.0027368,-0.0046258,-0.0050589,-0.0082732,0.0027925,0.0094414,-0.005474,0.0022653,0.0011544,0.0048884,-0.00099798,-0.0017441,-0.0094313,-0.0030567,-0.00088267,-0.0010464,0.0013802,-0.00073668,0.0016515,0.0039464,-0.00016244,-0.0025634,-0.00096929,0.0016201,0.0024852,-0.0015856,-0.00019039,-0.00065945,0.0012953,0.0018011,0.00015473,3.2348e-05,-0.00081931,0.00044319,0.00045818,8.8773e-05
-1.3893,-0.40431,0.10079,-0.23443,-0.091217,-0.1218,0.17278,0.11729,-0.1913,0.046283,-0.010443,0.0010603,0.025809,-0.097626,-0.046436,0.0043926,-0.014239,0.062166,-0.070378,0.039411,0.030953,-0.011789,4.5539e-05,-0.009601,-0.022549,-0.028608,-0.013543,-0.039402,-0.051067,0.011871,-0.0016397,0.0083145,0.0021411,-0.00033995,-0.019395,-0.025671,-0.023474,0.015463,-0.0048068,-0.0020931,0.00093794,-0.0010424,-0.010365,0.0050603,-0.010956,0.014653,-0.001455,0.012581,0.011246,0.0061469,0.010426,-0.0014506,-0.0095388,-0.00061366,0.0044191,0.00061846,-0.0056329,0.003556,-0.0079405,0.014832,0.01093,-0.0013664,-0.0095372,0.00040972,0.012573,-0.002335,-0.011081,-0.0022222,-0.0024791,0.023881,-0.013435,-0.011061,-0.012407,0.00067848,-0.0083206,-0.0083998,-0.0030747,-0.0018557,0.0013628,0.0067929,-0.0018928,-0.0052906,-0.0016273
-0.60733,-0.82568,0.16375,-0.23866,-0.097879,-0.15264,0.16188,0.075202,-0.022257,-0.0015203,0.046284,0.11125,-0.0071063,-0.071895,-0.023658,0.010992,-0.032984,0.0082759,-0.010339,0.032943,-0.0098666,-0.0054681,-0.0015522,-0.031534,-0.02527,0.013177,-0.003452,-0.028743,-0.014628,-0.0056414,-0.0051947,-0.0013515,0.012457,0.024947,0.0042259,-0.035235,-0.011798,-0.0028616,-0.029006,-0.01656,0.021379,-0.002357,0.0057101,0.01021,-0.0054073,-0.0066237,-0.02092,-0.0066809,-0.0024662,0.0019774,0.0095555,-0.0044986,-0.022126,0.016929,0.016433,0.0010614,0.010434,-0.0046456,-0.008601,0.0096141,0.0016372,-0.010636,-0.0086247,0.0079653,0.010746,-0.010596,-1.9618e-05,0.00046581,0.0074193,-0.014493,0.016861,0.00042944,-0.0051036,-0.0033905,0.023343,0.00113,0.0011723,0.0041928,-0.0016464,0.00073811,0.0020342,0.0028463,0.0010513
-1.5004,0.26318,0.099095,0.034463,0.071506,0.0057033,-0.22063,0.11845,-0.13106,-0.016078,0.18703,0.038795,-0.090445,0.13205,0.026963,-0.044562,0.071874,0.032352,-0.092602,0.086924,0.10436,0.01846,0.097391,-0.051488,0.059924,0.023668,0.041093,0.026183,0.011916,0.040149,-0.041289,-0.022133,0.011,-0.00024979,-0.026233,0.032539,0.050116,0.011349,0.012406,0.024063,0.024093,-0.019593,-0.014237,0.020597,0.02799,-0.0019112,-0.0078899,-0.00065512,-0.0036455,-0.0026817,-0.00089803,-0.013081,-0.0096669,0.0015216,0.0011001,0.011847,0.016906,-0.0036339,0.00047817,0.0027464,-0.0045951,-0.001592,-0.0095715,-0.0050087,0.002538,0.0020912,-0.0064924,0.0033918,-0.0024183,-0.00075047,0.0021467,-5.5141e-05,-0.00030854,-0.0012907,-0.0025612,-0.0016087,0.00016231,0.00057324,-0.0001734,0.00021662,0.00025144,-7.5881e-05,-0.0007206
-0.49052,-0.089785,0.18062,-0.11622,0.056109,0.054893,-0.17318,-0.035451,0.11194,0.06849,0.12185,0.1872,0.059948,0.079336,0.044595,0.065681,0.004505,-0.074792,-0.10706,-0.038199,0.0043947,0.088699,0.033892,-0.00064047,-0.0003472,0.050658,-0.012065,0.032281,0.020646,0.0046198,-0.0019254,0.032641,-0.0026934,-0.02371,0.042173,-0.011573,-0.048997,-0.047825,-0.01279,0.013828,0.0025574,-0.034012,-0.036851,-0.013449,-0.03702,0.0028747,-0.00054785,0.028327,0.014256,0.0094882,0.0099294,-0.0058622,-0.013111,-0.0045832,-0.003194,-0.0021941,0.0065022,2.9053e-06,0.0017033,-0.0025637,-0.00056773,0.0020422,0.0024619,-0.0053267,-0.0048886,0.0053713,-0.0057934,-0.0067691,0.0027887,-0.00085811,0.0027167,-0.0029189,0.0059841,0.00094571,-0.0010829,0.00022,-0.0019371,-0.00082035,-0.00019335,0.00026691,0.00099379,0.00012646,-0.0012291
-0.39615,8.1437e-05,0.056644,-0.12074,0.032408,-0.14081,-0.094244,0.088286,-0.0037483,0.063706,0.036281,0.015562,0.0081222,0.048846,0.014072,-0.044133,0.050113,-0.019191,-0.11282,-0.072544,0.0001065,0.078709,0.039321,-0.029076,-0.0025686,0.0094688,0.0069348,-0.010949,0.012164,0.055888,-0.0013057,-0.016836,0.025023,-0.019427,0.044589,-0.0043149,0.0078214,0.011006,0.0036937,-0.028714,-0.068928,-0.006812,0.0092564,0.012139,-0.0046481,0.0035672,-0.022165,-0.031277,0.0033999,-0.006732,-0.0038574,0.003237,0.0075668,0.0084734,0.021152,-0.0095693,-0.025446,0.0065963,0.0035379,0.00040041,-0.00033361,0.0001159,0.0033158,0.0075219,0.005541,-0.0019566,0.0020084,0.0096065,-0.0022813,-0.0057507,-0.0079149,0.0013284,-0.00064935,0.0021619,-0.00051237,-0.00061584,0.0028642,0.001946,0.001083,-0.0012813,-0.0023401,-0.0015433,0.0014242
-1.6255,-0.30449,0.087018,-0.041941,0.03568,-0.083908,-0.14772,0.1194,-0.25559,-0.055641,0.089711,-0.025083,-0.11573,0.017855,-0.077261,-0.15074,-0.011448,0.06163,0.0037854,0.11429,0.0245,-0.014427,0.0329,0.025489,-0.0035252,0.016066,-0.0030437,-0.021076,-0.043587,-0.025035,-0.016414,-0.0068248,0.0092736,-0.010231,0.00343,-0.0053205,-0.043852,0.04186,0.00041302,-0.011203,-0.026807,0.011384,-0.0079943,-0.008734,-0.0010773,0.0083902,0.021391,0.010897,0.0077655,-0.00034494,0.013928,-0.0066811,-0.0067552,-0.0012819,-0.0051482,-0.015827,0.0079961,-0.0087942,-0.0085301,-0.008585,0.0088672,0.010527,0.0070831,0.00058435,-0.015869,0.014684,0.012922,0.0010096,0.0029015,-0.013297,-0.00066852,0.01187,0.0023852,-0.0014007,0.00055481,-0.0025552,0.0040095,-0.00083021,0.0024611,0.0010174,-0.0022531,-0.0013352,-0.00069223
-2.1281,-0.8471,0.22653,-0.20543,-0.049203,-0.070732,0.1666,-0.080576,0.054648,-0.11136,-0.011755,-0.042571,-0.044215,-0.0027992,0.016241,-0.022343,0.023672,0.0036445,0.035777,-0.0046061,0.031107,0.0019986,0.016413,0.059044,0.057721,0.018866,-0.014584,0.00417,-0.027478,0.034426,0.020437,-0.031869,0.0040979,-0.05795,-0.006141,-0.0077027,0.013572,0.0034309,0.021057,4.6792e-05,-0.016659,0.024684,-0.009373,0.0051086,0.0073183,0.021511,0.017034,0.027176,-0.0066994,0.022957,-0.0096409,0.0048108,0.0054763,-0.0084646,-0.0047279,-0.00069,-0.008019,0.014645,0.010244,-0.0045323,-0.0042634,-0.011181,0.0076332,-0.00508,0.011082,-0.017384,-0.004679,-0.01063,0.019979,-0.0061737,0.0064212,0.00084585,-0.00076081,0.0031562,0.0020747,-0.0009261,-0.0034184,-0.0025495,-0.0033445,0.00074776,0.00079916,0.0034674,-0.0002294
-0.41402,-0.46185,0.18485,-0.13464,0.0021064,-0.085037,-0.0026227,-0.096529,0.027031,0.090408,-0.061286,-0.028892,0.054585,0.02646,0.015124,-0.029542,0.048402,0.00011192,0.038181,0.021403,0.0070395,0.017742,0.018309,0.030152,-0.015727,0.014484,0.029067,-0.00046219,-0.01347,0.016107,-0.0019587,0.0090296,-0.01088,0.0013851,-0.006092,-0.0049431,-0.0096973,0.01432,0.00026432,-0.0032745,-0.019408,-0.0094371,-0.0097252,0.0065476,-0.0081674,0.0054449,0.0081473,0.015292,0.0017576,0.0021671,-0.0011999,0.0029611,-0.00014842,-0.0012443,-0.010352,0.0031686,-0.0013612,0.0015973,0.0044604,0.0069516,-0.003242,-0.011145,-0.0061937,0.0019228,0.0062129,0.0061236,0.01035,0.01832,-0.01298,0.023815,0.00963,0.014842,-0.005098,-0.00052853,0.0033927,0.017542,0.00098548,-0.00031818,-0.00055283,-0.0089657,0.0082673,0.0073637,-0.00028126
1.4537,2.4008,0.45777,-0.013383,-0.07895,0.23651,0.19745,-0.15304,-0.15452,0.19785,-0.27042,-0.13012,0.25563,-0.052221,-0.072579,0.13961,-0.036352,-0.03544,0.010575,0.023423,-5.9582e-05,0.016233,-0.0037688,-0.013495,0.025126,-0.045674,-0.042636,0.037992,-0.0034132,0.032973,-0.038119,-0.02243,-0.018284,-0.017615,-8.1556e-05,0.016669,-0.028509,-0.003558,0.014165,0.017677,-0.0090531,-0.00071128,-0.0021257,-0.0010301,0.0053715,0.012327,0.0058721,0.0060494,-0.0055122,0.0074486,-0.0061562,-0.0089625,-0.0091858,0.0072845,0.012077,-0.0048703,0.010856,-0.004674,-0.0068939,-0.015508,-0.0020513,0.0072081,-0.010353,0.005417,0.014042,0.0044706,0.0031316,0.0033877,0.0014045,-0.008443,0.00029318,0.0052363,-0.0077762,-0.0011026,-0.00088679,-0.0011043,0.0020701,0.0020123,-4.2453e-05,-0.0015505,-0.0018996,0.00015633,0.0010095
0.37296,1.6367,-0.14778,0.18297,0.065514,-0.70626,-0.21141,0.038724,0.13576,-0.30038,-0.20099,-0.049731,-0.19191,-0.093225,0.10214,0.19762,0.15066,0.14511,-0.020697,-0.018038,-0.034544,0.021,0.0064558,0.026411,-0.02973,0.032942,-0.0099731,0.010458,0.0044925,-0.032267,-0.0213,-0.047903,0.0089268,0.012833,-0.019095,0.02482,-0.011275,0.0051906,-0.030326,0.019063,-0.018034,-0.0095354,0.014675,0.015312,-0.015474,0.00020365,0.0078805,0.015335,6.5849e-05,0.0018645,0.0044507,0.0021993,-0.00010138,0.0080379,-0.0031966,0.0031188,-0.0025031,0.00052052,-0.002762,0.006102,-0.0027958,0.0013598,0.0019316,-0.00019718,-0.00083068,-0.001954,-0.0017242,8.3025e-05,-0.00047873,-0.0016311,0.00079766,-0.00061907,-4.3395e-05,-0.00071116,-0.00032285,-0.00084906,-0.0013543,0.0011626,-0.00042515,0.00052813,-0.00090949,-0.00025185,0.00052205
-2.0898,0.18767,0.248,-0.28879,-0.025827,0.68488,0.018559,0.60827,0.44439,0.37372,-0.23884,0.062022,-0.19353,0.16852,0.006734,0.031976,0.01492,0.17714,-0.015084,-0.021037,-0.085128,-0.050943,-0.03304,0.014934,0.033971,0.0019657,-0.0015662,0.0022952,-0.016146,0.00060012,-0.0048881,0.0099308,0.005831,0.0099007,-0.0065377,0.0087008,-0.0071587,-0.00086939,0.0072455,-0.0003422,-0.0030012,-0.0038119,0.0023074,0.0052199,0.0012121,-0.0016684,-0.0024362,0.00093354,0.0027586,0.0022509,-0.0017384,-0.0014448,-0.001167,0.00073229,-0.001232,0.00041721,0.0001651,-0.0015336,3.8629e-05,-0.00078449,0.00036609,-4.6838e-05,0.0016754,0.0011154,-0.0013375,-0.00027991,0.0014788,8.0458e-05,0.0011269,-0.00024193,-0.00012955,-0.0001614,-3.476e-05,-0.00027878,0.00046038,-0.00013136,-1.5945e-05,0.00053444,0.00035951,5.554e-06,-0.00020031,7.2222e-05,0.00029844
-0.52351,-0.48225,0.19976,-0.18087,0.057218,-0.18405,-0.2797,-0.11678,0.23869,0.089229,-0.085035,0.26541,0.046134,-0.26787,0.11877,-0.15413,0.0080168,-0.11154,-0.087265,0.19932,-0.090625,-0.065488,-0.061938,-0.025846,0.030542,-0.033137,-0.059495,0.020117,0.00019579,0.0033539,0.0078126,-0.030706,-0.020692,-0.010155,-0.011828,0.011434,-0.0079904,-0.0097069,0.0019678,0.012751,0.0039828,-0.003902,-0.0042887,0.01269,0.0079015,0.0092511,-0.010994,-0.0045444,0.00030407,-0.0048323,-0.0011437,-0.00049669,0.006746,0.0030283,0.0015039,0.00066486,-0.0082796,0.004725,0.0045423,0.0030504,-0.0020433,0.0027926,0.006522,-0.0012217,-0.0050108,0.0021728,0.00033827,0.0027122,-0.0042065,-0.0013004,-0.00055875,-0.0018779,0.0022204,0.0016001,-0.00098001,0.0019252,-0.00026519,0.00013283,-0.00061003,-0.00059631,0.0010359,-2.4585e-05,0.00022134
-1.2641,-0.85521,0.289,-0.17922,0.11235,-0.11489,-0.29382,0.072086,-0.29345,0.22431,-0.095791,-0.0020029,0.16388,-0.034208,-0.017562,0.18526,0.040623,-0.0011913,-0.048544,-0.003976,0.095747,0.016713,-0.0042922,0.036514,0.0017845,0.022745,0.0021918,0.041515,-0.00054236,-0.017293,0.021904,0.023239,-0.014427,0.0072816,-0.023948,0.02531,-0.011892,-0.010128,0.018462,-0.039649,0.021573,-0.0012581,0.019132,-0.014719,0.022142,0.0091218,0.00027489,-0.0082559,0.00632,-0.0039672,-0.0012778,0.0067592,-0.0055285,0.017706,-0.014286,0.01992,-0.020247,-0.0087974,0.0033071,0.012061,0.0043673,0.0076136,0.018562,0.0056436,-0.0022339,-0.0028983,0.0058078,-0.00095144,0.0050849,-0.0027997,-2.4928e-05,-0.00023661,0.0013427,-0.00070929,0.0012711,0.00034991,0.00010449,-0.0019279,0.00037192,0.00014259,0.0026352,-0.00031647,-0.00070053
-0.46678,-0.57556,0.26328,-0.22156,-0.086954,-0.14723,0.20677,-0.08905,0.099861,-0.070096,0.0592,0.047787,-0.06046,-0.0073853,-0.037374,-0.016596,-0.017299,0.034288,0.029062,-0.08833,0.048714,-0.021554,0.0029547,0.025125,0.054153,0.025696,-0.033972,0.035945,-0.0036405,0.003289,0.026444,-0.046165,-0.012544,-0.0067694,0.011658,0.0038793,-0.020608,-0.010215,-0.014239,-0.0087136,0.012351,0.011417,0.0053343,-0.0087011,0.019505,0.0014632,0.009202,-0.005229,-0.00052696,0.0097845,-0.011843,0.0043136,-0.015815,-0.0028728,0.013255,0.0020979,0.0041698,-0.0026087,0.013771,0.01077,0.0085032,0.003235,-0.016696,0.00034808,-0.012297,0.0056533,-0.0017646,-0.0043099,-0.014141,0.0029825,-0.0081965,-0.0065869,0.0019317,-0.0038001,0.0061114,-0.00048247,0.0051894,0.00033367,0.011135,-0.014063,-0.0084465,0.0013428,0.0024104
-0.74973,0.39826,0.12859,-0.015581,0.041998,0.071866,-0.1011,-0.28244,0.13063,-0.14435,0.19796,0.088201,-0.094585,0.15667,-0.23537,0.074979,-0.11064,0.05621,-0.056193,0.063477,0.060189,-0.025154,-0.05075,0.011911,-0.040676,0.017976,-0.025009,-0.027964,-0.057671,0.016713,-0.012691,0.035464,-0.0063981,0.013439,-0.025361,0.02251,0.0075722,-0.034699,-0.015846,0.0045156,-0.0074711,0.014575,0.0090942,0.0013611,-0.0039611,0.013668,0.0018445,-0.0089726,-0.014792,0.0095479,-0.00022044,0.010449,0.0074933,0.019784,0.0062349,-0.0073457,-0.012597,0.0037942,0.0010947,-0.012557,-0.020104,0.0093768,-0.0011862,-0.0099882,0.0014175,0.0021144,-0.0013247,0.0031353,-0.0075558,0.00086386,0.0019894,-0.0037023,0.0027904,0.0030144,0.0018034,0.0020433,-0.0020146,-5.1166e-05,-0.0013534,-0.00079157,-0.00012104,0.00069206,0.00027317
-0.51946,-0.95678,0.2523,-0.45502,-0.26656,-0.17979,0.59755,0.44951,-0.29385,-0.019438,0.063506,0.065142,-0.022849,-0.2179,-0.071623,-0.043231,-0.07506,-0.032148,-0.071451,-0.08791,-0.0378,0.030795,-0.0081291,-0.01461,0.0016653,-0.010512,0.042035,-0.033201,0.0055508,0.0093512,-0.035925,-0.019803,-0.032047,0.016314,0.0036471,0.041812,0.012176,-0.031995,-0.00020221,0.027603,-0.0024664,-0.00010786,0.0077862,0.00114,-0.016798,-0.013434,0.014459,0.0064725,-0.0095804,-0.0024467,-0.011845,0.0092411,0.01193,0.0023008,-0.012767,0.0043361,0.0017638,-0.00057485,-0.0010879,-0.0025061,-0.0070607,0.0050396,0.0056125,-0.0017685,-0.0037863,0.0019551,0.0023477,-0.0010413,-0.003226,-0.0029419,0.00075919,0.0036874,0.002102,0.0013828,-0.0019878,0.0018812,-0.00032707,0.00037653,-0.0012106,-0.00061717,0.0002515,0.00066323,-0.00012627
-0.20655,0.45879,0.25609,-0.099061,-0.13657,-0.094104,0.24134,0.030973,0.070351,-0.14451,0.22765,0.23368,0.025901,0.0018087,0.12141,0.09981,0.055396,-0.014772,0.013372,0.045981,0.00034329,-0.040846,-0.046459,0.011807,-0.0040517,0.0073761,0.034786,0.0073472,-0.02522,0.0001558,0.040703,0.031867,0.024564,-0.018974,0.038851,-0.0019163,-0.0099222,0.00077648,-0.010231,0.00016601,0.0071113,-0.0046649,0.016571,-0.0030526,0.014317,-0.0028718,-0.0092206,-0.0018148,-0.0026382,0.0010016,-0.011805,0.0036732,0.0027686,0.019845,-0.010737,0.0062299,0.012734,-0.011024,-0.0098394,-0.018027,0.003039,-0.019191,-0.0040504,-0.0018747,0.00090172,-0.01128,0.0095172,0.0030605,0.00069074,-0.0018735,-0.0078342,0.0089196,-0.0055476,-0.0045181,-0.017888,-0.0012959,0.0039406,0.0028853,0.002142,-0.0010288,-0.0018279,-0.0008109,0.0010378
0.067442,0.99971,0.38648,-0.013875,-0.028176,0.059307,0.077372,-0.096174,-0.21876,0.043846,0.061261,-0.02986,0.17374,0.090807,-0.0075718,0.11576,-0.0018348,-0.0019885,0.033271,0.0050084,-0.010822,-0.030481,-0.036509,-0.011792,0.053473,-0.034318,-0.021855,-0.018989,-0.045121,0.037911,-0.017802,-0.026512,0.028115,0.011881,0.022607,-0.011886,-0.0087705,0.0075395,0.023794,0.005624,-0.0097133,0.0008718,0.016358,0.019909,-0.0073273,-0.023805,-0.005017,0.0070276,0.0016561,-0.011328,0.021036,-0.0041193,0.0080055,-0.0077585,-0.0014402,0.0010832,-0.0066262,-0.004605,-0.0028988,0.012552,0.00051018,-0.017279,0.0049178,-0.011222,-0.028404,-0.0079874,-0.0049672,-0.0017181,-0.0054247,0.0025371,0.0042668,-0.0054345,0.012283,-0.0040615,0.002454,0.002063,-0.0056695,0.0012933,-0.00031447,0.0015392,0.0021418,0.0015804,0.00047591
0.58128,0.88098,0.14005,-0.016501,-0.12292,-0.057733,0.2698,0.040576,0.080727,-0.10349,0.17589,0.14558,0.063459,0.087069,0.1008,0.10526,0.079735,-0.015454,0.023811,0.076175,-0.011523,-0.013605,0.002333,-0.023487,0.0051556,-0.018181,0.0087849,-0.01067,-0.0025537,0.003152,0.021887,0.010998,-0.0017085,0.0048365,0.009527,-0.020193,0.02378,0.024845,0.026855,0.0020604,-0.021243,-0.012903,-0.0038292,-0.015743,0.0044423,-0.012415,0.007114,0.012063,-0.0071366,0.0098908,-0.024237,0.014025,0.0055279,-0.0019859,-0.011178,0.0048301,-0.0043576,-0.0088084,0.0039238,0.0021633,0.0008305,0.011428,0.00010556,0.013669,0.001801,0.02237,0.0036959,-0.0092234,-0.0037706,0.00073048,-0.0030099,-0.009232,-0.0031348,0.010426,0.018515,-0.00035271,-0.0028131,0.00014482,-0.0014252,0.0055415,0.00074829,-0.0013758,-0.0025731
1.1479,1.3809,0.049696,0.054029,-0.049104,-0.28086,0.010168,0.23891,0.0056046,0.031602,0.012504,-0.092698,-0.053203,0.08164,0.041592,-0.17614,0.030603,-0.05036,0.0050018,0.036108,0.013651,-0.00028398,0.01853,-0.0086437,0.010852,-0.033757,-0.011389,0.00052064,0.015302,0.0038725,0.025317,-0.015315,-0.021216,0.034734,0.0011361,0.026093,-0.011354,-0.010881,-0.0059743,-0.031046,-0.017912,-0.012945,0.0174,-0.039246,-0.0060783,0.019117,0.022647,-0.027904,-0.0018748,0.0073569,0.0006983,-0.0053314,-0.010636,0.0054118,0.00071821,0.0015969,0.0019403,-0.015339,-0.0068709,-0.019488,0.0045565,-0.011952,-0.0035949,-0.0081265,0.0045485,-0.0068385,-0.0076602,-0.0084123,0.0036983,0.010455,0.0070493,-0.0070741,0.0082312,-0.00040059,0.0013056,0.0012336,-0.0072725,-0.0031326,0.00062284,6.1519e-05,0.0045845,0.00097681,-0.0014732
0.77587,0.4172,0.22843,-0.11994,-0.034461,-0.065541,0.043701,-0.16996,0.25154,0.038087,-0.1329,0.033952,-0.036705,-0.063543,-0.081283,-0.0030817,-0.086281,-0.013703,0.0066414,0.0029707,0.010205,0.034179,0.049984,-0.015973,-0.049679,-0.017703,0.003549,0.0042887,0.01256,0.025186,-0.027539,0.024381,-0.0098744,0.014636,-0.021811,-0.019993,0.023055,0.020489,0.0046358,-0.0096985,-0.0099172,0.0035801,-0.024539,-0.011873,-0.009351,0.010974,0.0033089,-0.010258,0.0010674,0.013169,-0.023824,0.012814,-0.0089302,0.0064617,-0.013311,0.010193,0.0098844,0.002775,0.0010098,0.01677,0.0076129,-0.011336,-0.0013108,0.0066769,-0.018073,-0.0059469,0.0085378,0.010869,0.0023787,-0.0036896,0.0075454,0.0011083,0.0080177,0.0010175,-0.0080497,-0.010116,-0.012269,0.0030191,0.00063839,0.00059778,-0.0079373,-0.00097431,-0.00034836
0.42937,0.14483,0.17113,-0.059449,-0.084468,-0.077989,0.13274,0.058634,0.035752,-0.0024052,0.10631,0.10051,0.062491,0.086991,0.029535,0.073936,0.021748,-0.015032,0.032236,0.046411,-0.0172,-0.01901,0.01433,-0.037133,-0.00044537,-0.022276,-0.014262,-0.033191,0.017399,-0.016314,-0.01052,-0.02169,0.0086045,0.028914,-0.00039297,-0.022731,0.0077382,0.014752,0.0092899,-0.01241,0.0036788,0.0078598,-0.0039641,-0.0065558,-0.010439,-0.0083963,-0.0075283,-0.0048105,-0.00504,0.0068741,0.0064287,0.010314,-0.0078922,-0.0015601,0.0079906,0.0048578,-0.0071803,0.013846,-0.0039476,0.0097573,-0.010367,0.025631,-0.0035524,0.005368,0.0047764,0.0030195,-0.0033475,-0.0091198,0.018419,0.0075325,0.010835,0.0068803,0.011075,-0.0065108,-0.017466,0.0014912,0.010356,-0.0065823,0.0023739,-0.0083625,-0.0005819,0.0021242,0.0025589
0.53701,0.39999,0.18589,0.012712,0.0013139,-0.13702,-0.010475,0.054912,0.045074,0.0089586,0.11464,-0.026781,0.034829,0.18976,0.021332,-0.074042,0.029803,-0.092722,0.042373,0.0091209,-0.015378,0.0011079,0.0015025,0.026106,0.032865,0.02178,-0.03905,-0.009259,0.0048625,-0.041454,-0.0079094,-0.013336,-0.027225,0.040011,-0.024052,-0.0054068,-0.004435,-0.01543,0.040296,-0.011697,-0.006409,-0.0020227,-0.010252,-0.025101,-0.020996,-0.012891,0.0091424,0.00093144,-0.0016668,-0.00074584,0.01646,-9.6677e-05,0.0052644,0.0016875,-0.013127,0.004204,0.0037606,0.011495,0.0036595,0.018163,-0.013149,-0.0063982,0.0016326,-0.0073176,0.0079017,-0.011808,-0.00042185,0.011002,-0.0081653,-0.012179,-0.0089923,0.0001093,-0.015432,0.00016677,-0.00091591,-0.0022852,0.0081724,0.0065333,-0.00214,0.0011222,-0.0057478,-0.0019389,0.0010917
1.0644,1.3775,0.13716,-0.0083158,0.009142,-0.31652,-0.093049,0.22255,0.1126,0.1385,-0.047776,-0.099065,0.055751,0.17156,0.043542,-0.11712,0.016496,-0.17374,-0.075634,-0.1024,0.036975,0.030668,-0.062325,0.00047558,-0.019456,-0.016223,-0.019859,0.0048608,-0.050122,0.02984,0.035329,0.0030275,-0.0064333,-0.031861,-0.020719,0.00010957,0.039552,0.03169,-0.04505,0.001081,0.04148,0.025767,0.0058701,0.0094731,-0.013232,-0.0060151,-0.0045629,0.020231,-0.0021661,-0.00044953,0.0091544,0.0087748,8.2172e-06,0.003027,-0.0049328,-0.0056645,0.00095756,-0.0014623,-0.0056008,0.0020477,0.0029915,0.008523,0.0018218,0.0032489,-0.0039338,0.0031923,0.0044174,-0.0017089,-0.00023406,-0.0017916,-0.00096632,0.003775,-0.0013659,-0.00025883,0.0011348,0.00081085,6.714e-05,-0.0006398,-0.0002173,0.00049274,-0.00084426,0.0005214,0.00071367
0.66371,0.85042,0.22239,-0.044525,0.031157,-0.03438,-0.12908,-0.12012,0.14925,-0.012227,-0.074538,0.068967,-0.079161,-0.061181,-0.11331,0.0044446,-0.10996,-0.001026,-0.032214,0.0050537,-0.018909,0.032181,0.02934,-0.0035006,-0.024827,0.00055112,-0.0076931,0.013376,0.013266,0.024803,-0.043782,0.015664,0.01784,0.0014684,0.0025018,-9.5097e-05,0.01037,0.0098572,-0.0058185,-0.011043,-0.003596,0.0088017,-0.003837,-0.0049165,0.0070061,0.0042335,0.0081987,-0.015113,0.0095638,-0.0093823,-0.0092594,0.010247,0.0072425,-0.012821,-0.012094,0.006626,0.0064548,-0.0015417,-0.011311,0.010186,0.0042823,-0.0082144,-0.0011395,-0.007465,-0.0059652,-0.0050403,-0.0024628,-0.026594,0.0033739,0.00047238,-0.012835,0.0029302,-0.007315,-0.0022045,0.0044459,0.010431,0.018561,-0.00086862,-0.0016313,0.0026963,0.0077582,0.001325,-0.00077968
0.79408,0.45973,0.14364,-0.048775,0.051001,-0.27012,-0.17276,0.21357,-0.13685,0.051597,0.0062757,-0.018858,-0.011551,0.063963,-0.12367,-0.096858,-0.07607,-0.10377,0.014461,-0.055802,-0.047947,0.03781,-0.048501,0.018334,-0.043921,0.041795,-0.031578,0.014593,-0.020276,-0.074835,0.0058638,0.0022679,0.069541,-0.00066298,-0.027546,-0.0345,-0.0089546,-0.018201,0.034212,0.035322,-0.014165,-0.026809,0.002901,0.020178,0.032193,0.0075953,-0.0023874,0.002035,-0.0080027,0.0038968,-0.022756,-0.0061713,0.0068012,-0.00086545,0.0090245,0.0085583,0.00029255,-0.0032292,0.0046196,-0.0010567,0.00012479,-0.0049806,-0.0050332,0.0065475,-0.00011288,0.003173,-0.0016415,-0.0011165,0.0032924,0.0038835,0.0033691,-0.001494,0.003063,-0.0019514,-0.002198,-5.3546e-05,-7.4076e-05,-0.00062752,0.00093932,0.00014481,0.00070351,-0.00033129,-0.00038677
-0.46047,-0.34853,0.31537,-0.10692,0.028448,-0.0092798,-0.15744,0.13036,-0.035461,0.1051,-0.058952,0.030322,0.048524,0.019533,-0.030543,0.04614,-0.043523,-0.03694,0.056314,0.027724,-0.0028732,0.042631,0.0059833,-0.0074375,-0.067473,-0.039472,0.0055515,-0.02939,0.0090781,-0.034056,-0.0088081,-0.0031782,-0.0015327,-0.018163,0.044567,0.015458,-0.020122,0.050994,-0.025544,-0.007482,0.0064208,-0.003807,0.018742,0.0049779,0.023754,-0.0056785,0.0071062,-0.0027142,0.0091817,-0.010985,0.0059495,0.0031298,-0.010982,-0.0017,-0.013528,0.0031562,0.010384,0.019712,0.03264,-0.0035498,-0.016069,-0.0026238,-0.010343,-0.011168,0.0078565,0.000882,-0.0050006,-0.0045527,-0.0064478,-0.0054969,-0.00058607,-0.00643,0.0045148,0.010478,-0.0034299,-1.9843e-05,-0.0037119,0.0020125,-0.0048835,-0.0003449,-0.0013919,0.001678,-0.00056349
-0.13821,-0.71818,0.28853,-0.1742,-0.0080901,-0.1922,-0.03522,-0.052848,0.15415,0.06309,-0.10732,0.058174,0.028613,-0.041487,0.031985,-0.032951,0.010134,-0.040405,0.10342,-0.017392,-0.038453,0.024389,0.023423,0.057139,-0.003984,0.031357,0.047809,-0.0026268,0.007508,0.024021,-0.057739,-0.012812,0.046267,0.0093088,0.023039,-0.021211,0.0076339,0.00016963,0.0063158,-0.010018,0.024659,0.019969,-0.0068902,-0.021868,0.010853,0.025852,-0.0068065,0.007656,-0.0052578,-0.019846,0.020626,-0.0050186,0.024549,0.0052077,-0.0032157,0.0079928,-0.0073667,-0.017715,-0.021214,-0.0089324,-0.013206,0.0091681,-0.002065,-0.004429,0.004961,0.0088287,-0.0049485,3.3943e-05,-0.0017475,0.0011793,-0.0029545,-0.006061,-0.001958,9.9434e-05,0.001788,-0.002618,-0.0093295,0.0014165,0.00051089,-0.0046013,-0.0049229,0.0010649,0.0014356
-0.55327,-0.58275,0.31793,-0.16302,-0.045896,-0.061768,0.09525,-0.06123,0.1283,-0.083234,0.048027,0.028668,-0.058059,0.044027,-0.002757,0.017522,-0.049334,-0.01831,0.099101,-0.058053,-0.0098705,0.0078743,0.0057712,0.0069891,0.023387,0.0044085,-0.0017793,0.016735,0.016819,0.0094439,0.0090934,-0.041407,-0.0076904,0.0081464,0.010157,-0.00092728,-0.0033699,-0.006379,-0.014663,-0.0099855,0.016112,-0.0041987,-0.00068937,-0.0066073,0.010436,0.011804,0.0075463,-0.0026362,-0.0068821,0.0039716,0.0020799,-0.0061999,-0.0088492,0.00059977,0.018423,-0.0013408,-0.010991,-0.0046061,0.0094455,0.0030216,-0.00017076,0.011272,-0.013458,0.0050441,-0.013984,0.0039957,0.0043795,0.0099444,-0.0006247,-0.00064951,-0.0015794,0.0040058,-0.0041971,-0.0047588,-0.0092362,0.002169,-0.00046179,0.0015639,-0.013915,0.019505,0.011372,-0.0026774,-0.0024727
-0.33924,0.029212,0.28187,-0.032537,0.076672,0.020187,-0.17667,-0.14213,0.041794,-0.01681,0.059438,0.031155,0.016549,0.080792,0.00044424,0.0057992,-0.032337,-0.029199,0.056968,0.013852,-0.053023,0.027427,-0.022921,0.0088184,-0.0091693,-0.014557,0.025225,-0.0099867,-0.012309,0.031458,-0.014335,-0.0067624,-0.0080184,0.0056369,0.01872,0.025745,-0.0026531,-0.014301,-0.027707,0.017131,0.0006963,-0.012118,0.0037931,0.00090246,0.0066656,-0.0030525,0.015407,-0.0068653,-0.0049654,-0.018713,-0.00022092,-0.0082248,0.0089325,-0.013673,-0.014215,0.0022161,-0.0013779,0.00065027,0.018367,-0.0021953,0.0064427,0.0039316,0.0078548,0.0049858,0.0076172,-0.006755,0.0053489,0.0083415,0.011395,0.015262,0.0056434,0.0041488,0.00048096,-0.013188,0.012907,-0.014568,0.0090873,-0.0031194,0.0085938,0.0057817,-0.0059045,-0.0062277,-0.00071425
0.027499,0.17627,0.37743,-0.032494,0.018427,-0.097748,-0.091611,-0.23925,0.064262,-0.036252,0.15702,0.041328,0.0066904,0.057016,0.0088194,-0.027144,-0.039872,0.02291,0.035274,-0.05969,-0.022146,-0.03362,-0.043539,0.0028211,0.025865,0.0038926,0.0092989,-0.015815,-0.029795,0.022564,-0.025103,0.0011129,0.0082854,0.043883,-0.0063511,0.011813,1.5649e-05,-0.019151,-0.01757,0.0098631,-0.0043028,-0.007436,0.0070648,0.0030136,0.01135,-0.010586,0.0071733,-0.010958,0.017407,-0.0089306,0.0041626,-0.011686,-0.0086103,-0.017589,-0.0020226,-0.0026655,0.0068926,0.0030283,0.0031793,0.0090229,0.027916,0.0042578,0.014135,0.012399,0.016451,0.0041694,-5.1451e-05,-0.0030605,0.0045145,-0.010447,-0.0043038,0.0020625,-0.0044861,0.012381,-0.0094799,0.0050144,-0.013071,-0.002711,-0.0020592,-0.00704,0.0034331,0.0023052,-0.00091594
0.96018,1.6697,0.30686,0.037721,0.073267,0.006718,-0.21636,-0.22783,0.040474,0.047222,-0.11365,-0.00031975,0.0061418,-0.06321,-0.11685,0.0083468,-0.11715,0.026754,-0.11062,-0.009211,-0.030183,0.0024006,0.012142,0.026526,0.10706,0.019705,0.12939,-0.095704,0.017583,-0.04919,0.067775,-0.023913,-0.023605,-0.0073104,0.0049565,-0.024725,0.0028548,0.0061641,0.0029554,-0.001314,0.0084871,-0.0065867,-0.0024962,-0.001544,0.0018656,0.0026903,-0.0051146,0.0025745,-0.0020921,-2.6378e-05,0.0019475,-0.0010964,-0.00024796,0.00094139,0.00017292,0.0014279,-0.00047256,-0.00085859,0.00044486,-0.0009204,-0.001434,0.00011676,0.00038892,-0.00066577,0.00045869,0.00094432,-0.00079618,0.00057315,-7.8053e-05,-0.00015758,-6.5543e-05,0.00021713,0.0001013,0.0001696,5.9021e-05,-0.00029588,8.5171e-05,-3.003e-05,0.00017083,-9.975e-05,-7.2184e-05,-9.012e-05,0.000285
0.88911,1.1205,0.32787,0.094492,-0.092615,-0.25565,0.0387,0.17729,-0.11956,-0.016534,-0.13276,-0.20604,-0.11693,0.0024211,-0.063724,-0.13908,-0.078075,0.065421,0.14596,0.11624,0.10179,-0.077104,0.01311,-0.00033265,0.034769,-0.0083892,0.028828,0.046967,0.02977,0.010523,-0.0063881,0.032999,0.011748,-0.023165,0.035105,-0.011188,-0.0065137,-0.041448,-0.02416,-0.0075212,0.0089409,-0.01813,0.0047561,0.0093412,-0.019763,-0.013775,-0.027529,0.012641,0.0014613,-0.0025771,-0.0090533,0.0098826,0.010644,0.0054588,-0.002339,-0.00057303,-0.0090466,0.0091476,0.007186,0.01053,-0.0013285,0.0030613,0.0039909,0.0046238,0.0016764,0.0016347,0.00050929,-1.4381e-06,0.0026326,-0.00041049,-0.0027448,-0.0019849,0.00048672,0.0026026,-0.0010038,0.00064503,0.00047035,0.00053154,-0.00090272,-0.00018436,-0.00088766,-0.00060696,0.00014108
-0.3329,0.11283,0.27594,-0.1814,-0.061832,-0.03032,0.12505,-0.081028,0.11929,-0.18131,0.10469,0.10236,-0.20625,-0.093145,-0.125,0.02988,-0.16319,0.038096,-0.021158,-0.09733,0.035494,-0.011444,0.022231,-0.03529,0.021791,-0.038305,-0.076134,0.066407,0.031636,-0.01624,0.043424,0.0011455,0.0017433,-0.011429,-0.0094811,0.0090343,0.00081894,0.04955,0.024442,-0.017648,0.0056189,-0.024938,0.0033327,0.00050892,-0.0068976,-0.018636,-0.0090164,0.0090707,0.007197,-0.018392,0.018471,-0.012074,0.01361,-0.0049574,-0.0093243,0.00054452,-0.00031356,-0.0050168,-0.0093311,-0.010366,-0.0046603,-0.00019584,0.0081762,0.00073449,0.011532,0.0026398,-0.00015447,0.0086341,0.0021138,0.0049058,0.0047003,0.00032366,0.0011306,0.00028473,0.001208,-0.00050356,-0.0019868,4.266e-05,0.00074482,-0.0007209,-0.00010351,-0.00032901,0.0002673
-0.64094,-0.21842,0.41135,-0.1008,0.080249,-0.1843,-0.30276,-0.13967,0.037204,0.031623,-0.064961,0.030686,-0.023855,-0.1423,0.058522,-0.056617,-0.017278,-0.024203,0.018629,-0.018636,-0.037966,-0.0085196,-0.02556,0.033459,-0.012622,0.0038355,0.061,0.025189,0.0071034,0.010455,-0.011304,0.067694,0.026901,0.0033998,-0.0022473,0.045125,0.015032,0.011214,0.048523,-0.0095374,-0.0066676,0.017934,0.022261,-0.001932,-0.015897,-0.04776,0.0099233,0.012042,-0.012565,0.027357,0.010441,-0.0012423,-0.022873,-0.002839,0.018207,-0.011389,0.00084101,-0.00068867,0.0035771,-0.0042762,0.0017115,0.0033806,-0.010975,0.00057581,0.00090763,-0.0015943,-0.0050601,-0.00074191,-0.0012682,0.0010205,-0.00065274,-0.0022285,0.0001171,-0.0034008,0.00055117,-0.0018057,0.0013378,-0.001738,0.0010094,0.0017446,-0.00043376,-0.00091105,-0.00011486
-0.96637,-0.70473,0.37325,-0.16056,0.017987,-0.061698,-0.16333,0.11606,-0.12871,0.1593,-0.049048,0.045906,0.097952,-0.027858,-0.047858,0.10907,-0.025174,0.013322,0.066326,0.022049,0.036052,-0.052465,-0.0049526,-0.019888,-0.00064563,0.00077084,-0.018026,0.018597,0.041975,-0.039141,0.039414,-0.0016567,0.017936,-0.011142,0.006839,-0.010782,0.077403,-0.0070308,-0.035515,0.059212,-0.03998,0.019437,-0.018742,-0.0296,-0.0059756,0.0027584,0.0077982,-0.01576,0.010472,0.0058215,0.024002,0.001838,-0.008695,-0.0046952,0.0032395,-0.0042528,-0.0010518,-0.0024251,-0.0053578,-0.0033937,0.0038391,-0.0036652,0.0022289,-0.0028081,0.00019145,-0.0018892,0.00080697,0.0015132,-0.003961,0.00055753,-0.0014284,0.00098011,-0.0013715,-0.0011819,0.0015972,0.00088662,-0.00018006,0.0012257,0.0011714,1.7573e-06,-7.1402e-05,-0.00010045,0.00039703
-0.49115,-0.80289,0.1474,-0.15892,0.042373,-0.11754,-0.14043,0.014825,-0.098185,0.17678,-0.041856,0.073284,0.11967,-0.0044085,-0.024995,0.1134,0.038185,0.024562,-0.014669,0.051115,0.019584,-0.0013008,0.012204,-0.0079812,-0.0080301,0.038105,-0.014196,0.0025374,0.020563,0.00028522,0.013752,-0.018441,0.011519,0.023438,-0.029536,-0.024547,0.025124,-0.012116,-0.0135,-0.048343,0.015619,-0.0064381,0.028572,0.0065721,-0.03052,0.0029372,0.0058372,0.0051395,-0.013365,-0.0041441,-0.026484,-0.015302,0.028463,-0.030051,0.003223,-0.028049,0.020576,0.0070653,0.0028843,-0.013665,0.0033309,-0.0037593,-0.0063034,-0.0023254,-0.0031408,0.0028564,-0.00010082,0.0024847,0.0011219,-0.00014245,-0.0024051,-0.00038878,-7.2111e-05,0.0021703,-0.002098,0.00022018,-0.00045462,0.00038352,4.3648e-05,-2.6981e-05,-0.0016047,-0.0014298,-0.00016276
-1.2351,-0.73867,0.38977,-0.1093,0.048607,-0.044784,-0.13507,-0.061473,-0.13503,0.043994,-0.0029424,-0.076244,0.035862,0.041154,0.03586,0.014774,0.029843,-0.016523,0.10014,-0.037184,-0.010332,0.010331,-0.028251,0.027892,0.0058336,0.0038167,0.027404,0.022369,-0.005005,0.00068322,0.031883,0.0079212,-0.039721,0.037412,-0.015496,0.02944,-0.036623,0.040195,-0.023513,0.0086694,-0.0039394,-0.016461,-0.063959,0.028164,0.00084326,-0.015487,-0.015245,-0.026052,-0.016565,0.0091776,-0.012057,0.011777,0.021569,0.0014788,0.0077784,-0.0051843,0.00010008,0.0039241,-0.01916,-0.0061102,-0.0028998,-0.0026747,-0.00044197,-0.0028377,-0.0016915,-0.0011136,-0.0051916,-0.0071072,0.0014263,-0.0025315,-0.0010161,-0.0042661,0.00081883,0.0019576,0.00042749,-0.00035168,0.0003139,-0.0016066,-0.00044954,0.00021561,-0.00089064,-0.0003045,0.00032481
1.8786,0.47363,0.011279,0.023103,0.087664,-0.28018,-0.26452,-0.0080124,-0.24885,0.15115,0.30241,0.12267,0.027795,0.030946,0.0099916,-0.045961,0.045408,0.17123,0.027666,-0.11838,-0.11963,-0.071257,-0.036121,-0.032766,0.0024502,-0.0078567,-0.0060166,0.01234,0.051503,0.0043584,-0.04696,0.030332,-0.062385,-0.04894,-0.0098183,-0.029386,0.00077972,0.0010982,0.0010556,-0.012898,-0.0015743,0.011243,0.0050348,0.0093227,0.0129,0.026271,-0.0067346,0.003118,-0.015566,0.0080661,0.0071114,0.0046208,-0.0039441,0.00057972,-0.0040669,-0.0011903,0.0055206,0.0010576,-0.00034225,-0.00029547,-0.0030743,-0.0031166,0.0015599,-0.0021865,-0.0018852,0.00098412,0.00021214,0.0011107,0.0017442,0.0022091,0.00071516,-0.0013418,-0.0003432,0.00082351,0.0013721,-0.00095951,-0.0001416,0.00048404,-0.00022833,0.00025467,0.00046327,-0.00021957,-0.00012135
