CellNum,cycle_lives,SurfFit_p1,SurfFit_p2,SurfFit_p3,slope_2pt9V,int_2pt9V,slope_2pt9V_corr,int_2pt9V_corr,heatmap_mean_abs,heatmap_mean,heatmap_var,heatmap_mean_abs_corr,heatmap_mean_corr,heatmap_var_corr,DeltaQ_min,DeltaQ_mean,DeltaQ_var,DeltaQ_skew,DeltaQ_kurt,DeltaQ_2V,Q_cycle2,Q_lastcycle,Qmax_minus_Q2,chargetime,Tmax,Tmin,Qlinfit_allcycles_int,Qlinfit_allcycles_slope,Qlinfit_last10cycles_int,Qlinfit_last10cycles_slope,IR_min,IR_cycle2,IR_diff,log_SurfFit_p1,log_SurfFit_p2,log_SurfFit_p3,log_slope_2pt9V,log_int_2pt9V,log_slope_2pt9V_corr,log_int_2pt9V_corr,log_heatmap_mean_abs,log_heatmap_mean,log_heatmap_var,log_heatmap_mean_abs_corr,log_heatmap_mean_corr,log_heatmap_var_corr,log_DeltaQ_min,log_DeltaQ_mean,log_DeltaQ_var,log_DeltaQ_skew,log_DeltaQ_kurt,log_DeltaQ_2V,log_Q_cycle2,log_Q_lastcycle,log_Qmax_minus_Q2,log_chargetime,log_Tmax,log_Tmin,log_Qlinfit_allcycles_int,log_Qlinfit_allcycles_slope,log_Qlinfit_last10cycles_int,log_Qlinfit_last10cycles_slope,log_IR_min,log_IR_cycle2,log_IR_diff
85,1009,6.70012515743701e-05,-0.000394414209745336,0.000138611881614936,1.68162788088207e-06,0.952754772569754,1.68162788086404e-06,-0.000778443480348377,0.74842914085507,0.748427756384029,0.177358853227147,0.000804196149893596,-0.000312729868525772,2.82841638846237e-06,-0.00335450040325214,-0.000568770002491483,2.68927505874819e-06,1.45569663538971,7.63756868604418,1.1130968717854e-06,1.0674551,1.071273,0.00391609999999987,10.044531,33.608757,30.6426522338728,9.10768472906489e-05,1.06887746699507,5.06545454545574e-05,1.06968494909091,0.015180224,0.015398955,-0.000128412000000001,-4.17391708466088,-3.4040474469184,-3.85819954101831,-5.77427010078488,-0.0210188670685032,-5.77427010078953,-3.10877291432758,-0.125849311142404,-0.125850114516641,-0.751147127960393,-3.09463801042233,-3.50483063773229,-5.54845665502367,-2.47437215158058,-3.24506331680706,-5.57036477591454,0.163070878202644,0.88295512895743,-5.95346703777571,0.0283496165004911,0.0299001592401037,-2.40714622675306,1.00192966344692,1.52645245064194,1.48632635236676,-4.04059201130209,0.028927921805594,-4.2953815774062,0.0292558851444093,-1.8187218199263,-1.81250875014616,-3.89139438989435
86,1063,9.14759943086384e-05,-0.00028064874499402,0.000112867735499877,-1.07164952317022e-05,0.958852189607237,-1.07164952317034e-05,-0.000302387643108565,0.750954852122509,0.750953622332028,0.176141591263046,0.000781108636010098,-0.000372573715706633,3.52575653881093e-06,-0.00286859444342125,-0.000373717583287431,2.87227187417574e-06,2.07863518875828,9.38876945445215,-2.11949749477913e-05,1.0650603,1.0687202,0.00365989999999994,10.0411386666666,37.7975155246476,31.221146,6.72054679803257e-05,1.06697542975369,4.06272727272759e-05,1.06741983454545,0.014931546,0.015162034,-0.000102823,-4.03869286120284,-3.55183689551946,-3.94743018825182,-4.96994722494196,-0.0182483356713552,-4.96994722494192,-3.51943595999428,-0.124386172268081,-0.124386883484814,-0.754138084558951,-3.1072885605674,-3.42878778692291,-5.45274767998379,-2.54233084716502,-3.42745646825938,-5.54177445444854,0.317778275088311,0.972608674890005,-4.67376709242638,0.0273741967098827,0.0288640181165847,-2.43653078073715,1.00178296466257,1.57746325408598,1.49444884018514,-4.17259539038257,0.0281544186322946,-4.39118233049783,0.0283352685009296,-1.82589522345322,-1.81924253381464,-3.98790972915563
87,1115,-0.000135001756437479,-0.000850598023872934,0.000733649014353447,-0.000254857381503693,0.970776117474893,-0.00025485738150371,0.00425548329716967,0.753464642226358,0.753463265718885,0.176177782639367,0.00086476212817258,1.34526769523686e-05,2.51529105329725e-06,-0.00722886949218693,-0.00181567329187562,5.22068575049225e-06,-1.12668480904508,2.95376861333645,-6.76610828436175e-05,1.0628892,1.0654643,0.00264249999999988,10.0420653333334,40.076626,31.780437,5.33201477832694e-05,1.06403177763547,1.86248484848404e-05,1.06474789636364,0.014885032,0.015006617,5.60549999999993e-05,-3.86966058108912,-3.07027563058282,-3.13451166159083,-3.59370278330385,-0.0128809164938426,-3.59370278330382,-2.37105110975692,-0.122937122972809,-0.122937916387805,-0.75404886031386,-3.06310333834917,-4.87119128666806,-5.59941175393712,-2.14092961580286,-2.74096229474682,-5.28227244755438,0.0518024388166281,0.470376471379771,-4.16966105607147,0.0264879942160405,0.0275389025976174,-2.57798500402056,1.00182304255255,1.60289115169997,1.50215986472107,-4.27310865555658,0.0269545984906518,-4.72990725159795,0.0272467907053384,-1.82725022736536,-1.823717201416,-4.25138564309469
88,1048,5.11351167896496e-05,-0.000293406007632939,0.000290284126172958,-3.33194743660604e-05,0.972670706024209,-3.33194743660592e-05,1.56161297652804e-05,0.758478924621824,0.758476909382123,0.178450339880687,0.000699547568781244,-0.000280134936668684,2.36994401677314e-06,-0.00301806098260515,-0.000385334978536903,1.62880187374958e-06,0.0813519804048057,4.16862263844637,0.000546041125285335,1.0724765,1.0752332,0.00275669999999995,10.0450313333334,33.091003,30.8632564241543,5.85322167488001e-05,1.07357808108374,5.76339393939464e-05,1.07343895454545,0.015085269,0.015246842,-6.73340000000005e-05,-4.29128074781081,-3.53253099800765,-3.53717671237356,-4.47730185845733,-0.012034163597752,-4.47730185845735,-4.80642659080757,-0.120056482177987,-0.12005763607774,-0.748482620540115,-3.15518274842477,-3.55263272532046,-5.62526191284798,-2.52027198916568,-3.41416156639301,-5.7881317397371,-1.08963187028201,0.619992582711322,-3.26277464701708,0.0303877847428789,0.0315026656373872,-2.55961049375411,1.00195129577541,1.51970993097864,1.48944174714608,-4.23260502784992,0.0308336360574477,-4.23932169451579,0.0307773515595168,-1.82144694109562,-1.81682010018606,-4.17176558534896
89,828,-0.000109570258345208,-0.000403126211829984,0.00013474373578619,1.2779375815082e-05,0.933182448417612,1.27793758150728e-05,-0.000874666263696763,0.734094247536616,0.734092344569921,0.171327461738121,0.000899761046893553,-0.000439662461517699,5.16924433051713e-06,-0.00313206846041647,-0.000309626597834769,3.72802921748497e-06,1.93011900414693,8.73408606423446,0.000268912859572534,1.0514506,1.054015,0.00256440000000002,10.04191,39.7326153632019,31.6056189396194,4.44794581280868e-05,1.05281936315271,1.54030303030267e-05,1.05341165272727,0.015130546,0.015374157,-0.000167233999999999,-3.96030731436844,-3.39455896249437,-3.87049141594997,-4.89349035796836,-0.0300334381456048,-4.89349035796867,-3.058157624101,-0.134248179106444,-0.134249304914212,-0.766173019256075,-3.04587281255451,-3.35688061296039,-5.28657293989894,-2.50416875374814,-3.50916173921424,-5.42852069263169,0.28558408685804,0.94121746707215,-3.57038842906025,0.0217888731693821,0.0228467914940553,-2.5910142317883,1.00181632471822,1.5991471530348,1.49976429962911,-4.35184051219523,0.0223538637632719,-4.81239383017529,0.0225981181672405,-1.82014539976871,-1.81320868825403,-3.77667542240383
90,667,-0.00120809247122816,-0.00234526761770031,0.000332451712323442,-0.000472880034245511,0.959011469544782,-0.000472880034245536,0.00675147058695497,0.744891166261567,0.744890090092771,0.174202400117011,0.00195930885799614,-0.000176881298774393,6.77111380844529e-06,-0.0105657899026564,-0.00510342457330314,1.40658887443178e-05,0.672692688230337,2.37643085155575,-0.00545369156639652,1.0626124,1.0581876,0.000459200000000104,10.0624716666666,36.8154033559967,30.9430611720884,-0.000203663152709344,1.06410592078818,-0.000190264848484817,1.06365540363636,0.013516996,0.013527169,0.000320147999999999,-2.91789982216595,-2.62980759292371,-3.47827142583274,-3.32524902220799,-0.0181761987415138,-3.32524902220796,-2.17060162002257,-0.127907176036693,-0.127907803476685,-0.758945865686605,-2.70789709807848,-3.75231808155281,-5.16933988654752,-1.97609802936971,-2.2921382995548,-4.85183282200863,-0.172183292814411,0.3759251818857,-2.26330942723043,0.0263748795392315,0.0245626680983928,-3.33799812060998,1.00270467051603,1.56602956304507,1.49056327589157,-3.69108753762984,0.0269848596547949,-3.7206414404003,0.0268009507607722,-1.86911981472438,-1.86879308413589,-3.49464920691705
91,1836,0.000268213599068922,2.8123363774208e-05,-5.91243265282029e-05,6.86862412309562e-05,0.964287512680818,6.86862412309556e-05,-0.00122145579807301,0.752844824291139,0.752842448650578,0.178166624986681,0.000943023030262967,-0.000348968963795587,3.80534506552724e-06,-0.0013867533561942,0.00052779101665512,2.66971323790351e-06,2.84628704119532,12.58229143436,0.000604528276179739,1.0675218,1.0709022,0.00339719999999999,11.0415773333333,34.369606,31.0002233423916,6.28393596059422e-05,1.06908142541872,-7.96151515151569e-05,1.07247533636364,0.015372629,0.015535541,-3.54029999999998e-05,-3.57151920616054,-4.5509327355296,-4.22823379317593,-4.16313024919817,-0.0157934572237665,-4.16313024919817,-2.91312224461385,-0.123294530969275,-0.12329590141001,-0.749173646772939,-3.02547770090637,-3.45721319611154,-5.41960595564516,-2.85800077437658,-3.27753800602638,-5.5735353850341,0.454278695509735,1.09975974020907,-3.21858338065659,0.028376752571099,0.0297498107574043,-2.46887888458727,1.0430311185228,1.53617455358015,1.49136482273811,-4.20176824949175,0.0290107840332166,-4.09900427405572,0.0303873135333692,-1.81325185386939,-1.80867361854523,-4.45095993491653
92,828,0.000109877970044826,-0.000496498078795811,0.000307955904822274,-1.34833283520268e-05,0.949329543269863,-1.34833283520265e-05,-0.000373835532240419,0.745446687860226,0.74544491325856,0.176237171267607,0.000890544892063446,-0.000338004837850621,3.69220530636315e-06,-0.00407772727120215,-0.00100151866129902,2.49155486704615e-06,-0.253078015289708,2.7343863697645,0.000215864724228299,1.0647362,1.0684925,0.00380699999999989,10.04495,35.262028,30.969942,8.91001970443592e-05,1.06642674857143,-2.19709090908703e-05,1.06900675818182,0.01520093,0.015438134,-0.000172680999999999,-3.95908937260854,-3.30408242767211,-3.51151146422466,-4.87020288921792,-0.0225830036104657,-4.87020288921793,-3.42731942226549,-0.127583410555756,-0.12758444443335,-0.75390248653777,-3.05034418301261,-3.47107708363716,-5.43271415787863,-2.38958182430894,-2.99934095408515,-5.60352954469882,-0.596745580061268,0.436859880532156,-3.66581832257869,0.0272420199102013,0.0287714780957403,-2.41941712318564,1.00194777933433,1.54730728595201,1.49094039201796,-4.05012133552336,0.0279310297022025,-4.65815197289377,0.0289804507951142,-1.81812984090308,-1.81140519379803,-3.76275544499826
93,1039,2.18402659168948e-06,-0.000750141126834414,0.000461912693441091,-7.89980160618566e-05,0.959539543813728,-7.89980160618608e-05,0.000875500304806827,0.750870923586898,0.750869332973616,0.178168085096684,0.000881735567944419,-0.00028671120917937,2.47079522395719e-06,-0.00490834631572623,-0.00183861094685497,2.94862818821884e-06,-0.502341918322801,1.68594122859463,-9.49269137382469e-05,1.0694826,1.0733182,0.00388809999999995,10.0417493333333,35.058773,31.0201248034565,9.06238916256359e-05,1.0712300591133,8.60666666668357e-06,1.07304108,0.015742281,0.015903223,-2.9396000000001e-05,-5.66074207816799,-3.12485702348876,-3.33544010310163,-4.10238381534509,-0.0179371227458972,-4.10238381534507,-3.05774369838019,-0.124434712785253,-0.124435632777333,-0.749170087660119,-3.05466164003971,-3.54255532766884,-5.607163246824,-2.3090648025663,-2.73551015847769,-5.5303799870227,-0.299000580278235,0.226842431177264,-4.02261063866978,0.0291737231894944,0.0307284936505541,-2.41026257376385,1.0018093761193,1.54479671242366,1.49164354078073,-4.04275729202165,0.0298827506393879,-5.06516501678841,0.0306163486908399,-1.80293233970626,-1.79851485119725,-4.53171176129238
94,1078,6.3527734840098e-05,-0.00021914880734171,5.78650565026708e-05,8.06892700886723e-05,0.943960787311322,8.0689270088673e-05,-0.00167332532285648,0.742059321709541,0.742057444737991,0.175683615452059,0.000835138740215105,-0.000448748097726561,4.63389419682859e-06,-0.00249824620365768,-0.000605015540028904,1.42170551695186e-06,1.6640521486261,8.00615320708371,-0.000331779521567599,1.0617746,1.0648808,0.0032175000000001,11.0450033333333,34.780285,30.437134,7.48043842364762e-05,1.06307187123153,-2.74848484846817e-06,1.06493219636364,0.015318613,0.015551002,-0.000143863999999999,-4.19703662969518,-3.6592608885342,-4.23758361847137,-4.09318421312306,-0.0250460461765323,-4.09318421312306,-2.77641961660705,-0.1295613749618,-0.129562473471574,-0.755268739646201,-3.07824136990011,-3.34799737941331,-5.33405388644118,-2.6023647638718,-3.21823347020352,-5.84719035129072,0.22116693223456,0.903423896580279,-3.47915042344926,0.0260323318435416,0.0273009966953976,-2.49248144442356,1.04316585127563,1.54133313641943,1.48340375629223,-4.1260729476715,0.0265626269166326,-5.56090665282043,0.0273219573686205,-1.81478055544204,-1.80824162277534,-3.84204786872746
95,817,-0.000153806981208042,-0.000869164392161084,0.000451115192479314,-0.000141117082698109,0.955815103542545,-0.000141117082698123,0.00170947475658258,0.747678323472273,0.747675946394992,0.177178849902864,0.000829800692856279,-0.00022926169215815,2.457705346881e-06,-0.00585963892094166,-0.00223161670099387,3.8598940119764e-06,-0.544924277378458,1.97668274875041,-0.000801253150356729,1.0680679,1.0705856,0.00269279999999994,10.0422183333333,37.4254026439664,31.117903,5.84624137931283e-05,1.06932045655172,-4.95636363636186e-06,1.07071874727273,0.015485173,0.015608084,-4.95599999999988e-05,-3.81302395171716,-3.06089807411948,-3.34571254665793,-3.8504204102537,-0.019626111152158,-3.85042041025366,-2.76713730794597,-0.126285210142195,-0.126286590887303,-0.751588121719237,-3.08102620688529,-3.63966850643098,-5.60947018568645,-2.23212914498431,-2.65138039707241,-5.41342462036601,-0.263663843047205,0.295936972033376,-3.09623024991637,0.0285988628591724,0.0296213975729143,-2.56979590136826,1.00182965937363,1.57316648142958,1.49301032269381,-4.23312325748021,0.0291078751397805,-5.30483683799574,0.0296754068275763,-1.81008393835203,-1.8066504063097,-4.30486870229598
96,932,-0.000223091472311799,-0.000782254468352665,0.00031361996853647,-0.000128691948059134,0.959179945711886,-0.000128691948059148,0.00133955529669605,0.75106586520772,0.751063895742032,0.18003917524423,0.000821850765302734,-0.000345487291034165,2.15303886918175e-06,-0.00536074138377451,-0.00182509599309031,2.93745077601196e-06,-0.424910085908288,2.39353465387065,-0.000689912048846386,1.0741653,1.0769298,0.00277769999999999,10.0424916666666,35.4501031934511,30.9517867877264,6.40832512315475e-05,1.0753927955665,1.31472727272703e-05,1.07651353454545,0.01599754,0.016139418,-4.03859999999999e-05,-3.65151703033791,-3.10665194742068,-3.50359629308865,-3.89044862499057,-0.0180999099318448,-3.89044862499052,-2.87303935405705,-0.124321975589756,-0.124323114410253,-0.744632985223117,-3.08520703609688,-3.46156792378978,-5.66694812971261,-2.27077514377429,-2.73871428837296,-5.53202940229825,-0.371702960126471,0.379039719629061,-3.16120627032837,0.0310711187507717,0.0321873946013468,-2.55631466118303,1.00184148002311,1.54961750373012,1.49068572507346,-4.19325546265257,0.0315671226597968,-4.88116432796045,0.0320194943930919,-1.79594679525435,-1.7921121303293,-4.39376915905961
97,816,6.66980000758468e-05,-6.80945752046085e-06,-4.7068056869454e-05,3.49518531100212e-06,0.951094096723465,3.49518531099603e-06,-0.00016402110878997,0.745695222705255,0.745693344366624,0.176751660815804,0.000863656804557668,-0.000334617353988325,3.7659854873422e-06,-0.00218612643384497,0.000288629837813573,2.68759628526907e-06,1.57291609502079,6.1233241013409,0.000632576412608055,1.065558,1.0695565,0.00403569999999998,10.0423196666667,37.296581,31.0084086248725,9.65643349753971e-05,1.06734941891626,-9.16848484846129e-06,1.06975599636364,0.01506449,0.015250437,-0.000145141,-4.17588718810812,-5.1668874850409,-4.32727373048654,-5.45652979347705,-0.0217765139078323,-5.45652979347781,-3.7851002565799,-0.127438639207045,-0.127439733156831,-0.752636496740396,-3.06365880092022,-3.47545153932721,-5.42412135791982,-2.66032472439303,-3.53965877467024,-5.57063596785327,0.196705556417714,0.786987246811014,-3.19888700601048,0.027577094026192,0.0292037313947913,-2.39408112518712,1.00183404170072,1.57166902159715,1.49147947848593,-4.0151832460835,0.0283066179859738,-5.03770242837804,0.029284729538153,-1.8220455665419,-1.81671771146674,-3.83820988901949
98,858,0.000181024899332342,-0.000264277567074038,8.34708307368461e-05,-8.10629004707865e-06,0.96207633398202,-8.10629004709654e-06,-0.00011615489008789,0.753595461978315,0.753593597494382,0.179456862957001,0.000847812227445198,-0.0002548334347477,2.70843860356212e-06,-0.00283027826636795,-0.00028126012723072,2.23058016101852e-06,1.5638813297628,8.04363846317825,0.000240745315183144,1.0727056,1.0775383,0.00484150000000017,10.041712,35.470661,30.790092,0.000118319950738933,1.07467479802956,1.89218181818554e-05,1.07695982363636,0.015496999,0.015668793,-7.741e-05,-3.7422616853578,-3.57793969993843,-4.07846526419574,-5.09117786104434,-0.0167904683863323,-5.09117786104338,-3.9349625018045,-0.122861725453649,-0.122862799950678,-0.746039928317858,-3.07170032417534,-3.593743592138,-5.56728100480131,-2.54817086355448,-3.55089183111619,-5.65158216477276,0.194203794897407,0.905452542161493,-3.61844215533491,0.0304805478385455,0.0324327156615798,-2.31502006381071,1.00180776149119,1.54986928167684,1.48841098656584,-3.92694201982433,0.0312770644487567,-4.72303713493167,0.0321995020923313,-1.80975239498623,-1.80496445685808,-4.11120293254332
99,876,-3.42970864355917e-05,-0.000533554346098018,0.000205530559574686,-6.3367977783326e-05,0.950376808428727,-6.3367977783344e-05,0.000529131135476041,0.745953192753166,0.745951394283052,0.176952369107489,0.000784090376734578,-0.00026638119055464,2.0955496719956e-06,-0.00370182612310477,-0.000838286816800858,2.93641809392459e-06,1.20196685296447,6.39292845040169,-0.000102896669459174,1.0684187,1.0712774,0.00285869999999999,10.0415336666667,36.664112,30.4885991722024,6.32711822660276e-05,1.06973284384236,1.48969696969933e-05,1.07075976727273,0.01525728,0.015417448,-9.02720000000006e-05,-4.46474277204731,-3.27282133817312,-3.68712359535514,-4.1981301519809,-0.0221041701052218,-4.19813015198077,-3.27643668267963,-0.127288422884941,-0.127289469956789,-0.752143618483251,-3.10563387627604,-3.57449644439185,-5.67870204038112,-2.43158398416484,-3.07660736365837,-5.5321821085117,0.0798924911499865,0.805699843841089,-3.98759868217548,0.0287414806557182,0.0299019429981151,-2.54383141833237,1.00180004867585,1.56424117090342,1.48413747074916,-4.19879405037071,0.02927533008531,-4.82690206566278,0.0296920446406841,-1.81652288356864,-1.8119875076885,-4.04444693552473
100,1638,0.000138152363095403,-7.36007837954756e-05,-8.17110762307909e-05,5.25522572061665e-05,0.955539457042007,5.2552257206156e-05,-0.00128484244641036,0.747550047875574,0.747548541512664,0.175747175498835,0.000722534895372335,-0.000310859060152025,2.84299995485669e-06,-0.00124220847173984,0.000334616806528475,2.36435213312009e-06,2.78777872405477,11.3607702148953,0.000238955342226399,1.061009,1.0642911,0.00333089999999991,11.0433663333333,37.7520550785488,31.6410694407021,8.39219704433778e-05,1.06227827950739,5.45515151516771e-06,1.06409110363636,0.015253145,0.015453937,-0.000120935999999999,-3.85964168207924,-4.13311756071362,-4.08771906929539,-4.27940862557047,-0.0197513749388337,-4.27940862557056,-2.8911501243558,-0.12635972636328,-0.126360601496337,-0.755111645967467,-3.14114117348258,-3.50743647036857,-5.54622314720562,-2.90580551323463,-3.47545224986713,-5.62628784163081,0.445258299291198,1.05540777580632,-3.62168325569137,0.0257190678162884,0.0270604304334375,-2.47743840546557,1.04310147893137,1.57694059795145,1.5002511538505,-4.07612432769058,0.0262383015130515,-5.26319318251149,0.0269788122755376,-1.81664060121391,-1.81096086254577,-3.91744439993263
101,1315,0.000578178796201876,-0.000756289431389787,-0.000297971922784881,-8.32772533631236e-05,0.969809988714793,-8.32772533631386e-05,0.00101383665650995,0.755791606118528,0.75578965973995,0.175772272556444,0.00151603102646116,-0.0002436625304636,6.95313143784974e-06,-0.00263387770838908,-0.000427010407377007,6.28786103226528e-06,2.32311307434324,8.50533981250443,-0.00147849345661188,1.0664514,1.0675672,0.00259959999999992,10.0419743333333,37.4073483418278,31.0411368858403,-6.120980295566e-05,1.06790427408867,0.000178546060606065,1.06249164545455,0.01535425,0.015524552,-0.000162275,-3.23793783944048,-3.12131196851989,-3.52582465657499,-4.07947360709154,-0.0133133471112185,-4.07947360709146,-2.99403201037816,-0.121597935701153,-0.121599054134538,-0.755049632251241,-2.81929191052257,-3.6132112499044,-5.15781956089292,-2.57940439330922,-3.36956153993675,-5.20149706518545,0.366070349003065,0.929691669594375,-2.83018059319646,0.0279410686998896,0.0283952220302002,-2.58509347170498,1.00181910700985,1.57295692388045,1.49193761897163,-4.21317901856334,0.0285323246978724,-3.74824972752621,0.0263255238072858,-1.81377139242941,-1.8089809236303,-3.78974838219684
102,1146,-8.67770192389867e-05,-0.000482827536314482,0.000205695764309575,-7.58574854654557e-05,0.96891503259375,-7.58574854654555e-05,0.000660496555892983,0.755687017010269,0.75568566833381,0.17650418615029,0.00065298607176474,-0.00028347745477374,1.54052048408826e-06,-0.00373526483930298,-0.0010161021574481,2.18154181049161e-06,0.913856641134178,5.43226468973172,-0.000605811930395106,1.0680237,1.0697418,0.00213010000000002,10.0431296666667,38.1010344001889,32.020798,2.94864532019979e-05,1.06929099605911,-2.07242424242321e-05,1.07039877818182,0.014978203,0.015098186,-3.74399999999997e-05,-4.06159527181793,-3.31620796946034,-3.68677465121203,-4.1200015574489,-0.0137143060179753,-4.1200015574489,-3.18012944263775,-0.121658039062142,-0.121658814149253,-0.753244989990536,-3.1850960821556,-3.54748147524269,-5.81233252255486,-2.42767860022871,-2.99306262651504,-5.66123645909624,-0.0391219277317456,0.734980922997276,-3.21766217825681,0.0285808900193346,0.0292789661273183,-2.67160000762757,1.00186906989697,1.58093676644192,1.5054321509024,-4.53037746371264,0.0290959098719801,-4.68352133614507,0.0295456046939298,-1.82454028770449,-1.82107522870118,-4.42666415993394
103,1155,-9.74879513867603e-05,-0.000521197337343826,0.000134200502035636,-9.45309581924985e-05,0.96819359260073,-9.45309581925002e-05,0.000850162347099498,0.755189197289362,0.75518785942938,0.178485097268963,0.000629536859784078,-0.000182312959786301,1.19833410944662e-06,-0.0037498596851302,-0.00105688048877572,2.93352004383413e-06,1.3654755292838,6.70982172171863,-0.000688595459903629,1.0719248,1.0737315,0.0019749,10.0434369999999,37.763695,31.769892,2.67242364532165e-05,1.07322290876847,-7.42303030299532e-06,1.07396438727273,0.015178323,0.015555796,-4.24900000000009e-05,-4.01104905578438,-3.28299781164679,-3.87224585949565,-4.02442593995247,-0.0140377957989858,-4.02442593995246,-3.07049813344209,-0.121944231092369,-0.121945000470063,-0.748398039742524,-3.20097883659316,-3.73918245825876,-5.92142207872543,-2.42598498270262,-2.97597411959863,-5.53261094003779,0.135283921544781,0.826710981226754,-3.16203584504305,0.0301643188543323,0.0308956941690961,-2.70445489018826,1.00188235969139,1.57707448137818,1.50201573846946,-4.57309469430971,0.0306899344486044,-5.12941876652575,0.0309898803697089,-1.81877620947341,-1.80810776086112,-4.37171326891048
104,813,5.69642390631791e-05,-0.000582213817323911,0.000437584795060765,-4.78394108376132e-05,0.952532633659711,-4.78394108376176e-05,0.000258956189699634,0.746495785522735,0.746494264155262,0.175927641659965,0.000813267531866255,-0.000298676488270374,3.4395735086156e-06,-0.00514334818848272,-0.0015993228292668,3.05814693054877e-06,-0.754864842272383,2.42004584152157,-8.05455531769361e-05,1.0650502,1.0679865,0.00298440000000011,10.0433296666666,35.732891,30.5985674374038,7.04586699507649e-05,1.06639017852217,-3.43939393938987e-06,1.06808197454545,0.015206913,0.015409848,-7.63570000000009e-05,-4.24439769961619,-3.23491749192998,-3.35893777702182,-4.3202141775052,-0.021120136517899,-4.32021417750516,-3.58677370379933,-0.126972639820251,-0.12697352491858,-0.75466591905724,-3.08976656572124,-3.52479896359048,-5.46349540461967,-2.28875407431431,-2.79606386344703,-5.51454165247713,-0.122130801364065,0.383823592646257,-4.09395843145864,0.0273700782622554,0.0285657629804015,-2.52514296868242,1.00187771839942,1.5530681545891,1.48570109417458,-4.15206555926002,0.0279161365621521,-5.46351807834926,0.0286045857698157,-1.81795893868428,-1.81220164506398,-4.11715114299497
105,772,-0.00114253940575213,-0.00171673130225808,0.000245226246210205,-0.000309699504744661,0.96356074710792,-0.00030969950474468,0.00376767926284628,0.750257023553002,0.750255883423773,0.17639005723716,0.00133284835746024,-0.000466885348320083,3.70583656586304e-06,-0.00826117401997761,-0.00400154105545598,7.5566977305466e-06,0.513444916515318,2.23621057942625,-0.00395708562934005,1.0678563,1.0655273,0.000840399999999963,10.067868,37.8735903526148,31.5547619211675,-0.000108616453201964,1.06920149428571,-0.000169172121212106,1.07051918909091,0.013937969,0.013943589,0.000233937,-2.94212881234732,-2.76529767401697,-3.61043304975617,-3.5090594891438,-0.0161209003109456,-3.50905948914378,-2.42392607517449,-0.124789930223624,-0.124790590200396,-0.753525898845555,-2.8752192588866,-3.3307897547768,-5.43111373777183,-2.0829582294149,-2.39777272292434,-5.12166794930282,-0.289506141621955,0.349512697772834,-2.40262455171843,0.0285128141944574,0.0275645813026559,-3.0755139562661,1.00293751287082,1.57833647745825,1.4990649077967,-3.9641043829093,0.0290595570425866,-3.77167120513463,0.0295944564427905,-1.85580050574695,-1.85562542693526,-3.63090108377008
106,1002,-0.000218009984440507,-0.00066350262686218,0.000176364120165065,-9.32715417231436e-05,0.944681013380191,-9.32715417231642e-05,0.000822304232622268,0.73969488030901,0.739692401918678,0.173696027811997,0.000808147019389926,-0.000266607321496924,2.13942210229452e-06,-0.00467742789791903,-0.00133507360700753,3.47570580062552e-06,0.636564181646122,4.41087796376685,-0.00054109132691682,1.0562643,1.0589013,0.00284459999999997,10.0433843333333,37.507042,31.405123,5.73294088669995e-05,1.05764373635468,-1.59218181817983e-05,1.05929239636364,0.015614755,0.015852775,-0.000122983,-3.66152361608291,-3.1781573533881,-3.75358976387128,-4.03025084454818,-0.0247148132000298,-4.03025084454808,-3.08496747430394,-0.130947387194051,-0.130948842325182,-0.760210113153685,-3.0925096244957,-3.5741279282828,-5.66970352182764,-2.32999289838215,-2.87449478955337,-5.4589569913063,-0.19615780201894,0.644525042272668,-3.26672942726194,0.0237726015970878,0.0248554814832971,-2.5459787942974,1.00188008229345,1.57411281478434,1.49700049868315,-4.24162253628435,0.024339401733807,-4.79800733978711,0.0250158549135846,-1.80646482558574,-1.7998947043169,-3.9101549171496
107,825,5.97754940403295e-05,-0.000362875591905966,0.000232819966471328,1.62605006229778e-05,0.931892035289532,1.62605006229789e-05,-0.000934962794486154,0.732101857812803,0.732099469759048,0.171099762867932,0.000881091943494613,-0.000430921585974002,4.65797672660191e-06,-0.00368891490751,-0.000659695358672863,2.61398065481093e-06,0.599806781828429,4.96524973627867,0.000322016725167851,1.0462732,1.0505327,0.00435160000000012,10.0422403333333,37.123188,31.7123241628588,9.74055172414007e-05,1.04827716344828,-1.00248484848449e-05,1.05076348363636,0.01550305,0.015751192,-0.000150559000000002,-4.22347682578346,-3.44024224275852,-3.63297977764549,-4.78886608761958,-0.0306344000859681,-4.78886608761954,-3.02920567091449,-0.135428491061028,-0.13542990769486,-0.76675059235966,-3.05497876982987,-3.36560175043567,-5.33180268573127,-2.43310136256259,-3.18065657141425,-5.58269763081054,-0.221988628116317,0.695941097012697,-3.49212157097662,0.0196451011282183,0.0214095752650856,-2.36135103191662,1.00183061080366,1.56964526472779,1.50122807217896,-4.01141644312514,0.0204761248632046,-4.99892218256744,0.0215049716789465,-1.80958285229013,-1.80268657460874,-3.82229327845404
108,989,7.61734451175289e-05,-0.000414030530382788,0.000259205539447182,-6.48004116407927e-05,0.958423615248122,-6.48004116407849e-05,0.000285931721785487,0.748030847089613,0.748028925523495,0.175891646390284,0.000828811306804517,-0.000309138749737866,2.48291337038588e-06,-0.00406480099779249,-0.000652234845203404,2.5729042935381e-06,0.394180274760017,5.10276880107669,8.7648024266862e-05,1.0611302,1.0651294,0.00408549999999996,10.0415983333334,38.76585,31.926973,0.000100808965517256,1.06270582896552,-1.0903030303004e-05,1.06534110727273,0.015591009,0.015752004,-4.92459999999993e-05,-4.11819640200544,-3.38296763306292,-3.58635572145253,-4.18842223529056,-0.0184424939472564,-4.18842223529062,-3.5437376605491,-0.126080492450281,-0.126081608081591,-0.754754785970354,-3.08154433282892,-3.50984655384138,-5.60503843284967,-2.39096071149086,-3.18559600302268,-5.58957636830242,-0.404305112114454,0.707805891535982,-4.05725786918422,0.0257686748272365,0.0274023723683323,-2.38875478516517,1.00180284548827,1.58844931097449,1.50415774498123,-3.99650084188332,0.0264130627003668,-4.9624527808694,0.0274886850399349,-1.80712577775841,-1.80266418658695,-4.30762903924712
109,1028,0.000178945297267027,-0.000177583088833434,0.000120726274289887,1.91399421526655e-05,0.975957259963727,1.91399421526547e-05,-0.000832708964473004,0.761045285594985,0.76104384987823,0.178815049340701,0.000860275408931427,-0.000381358981400952,3.15758471133457e-06,-0.00228492091060195,4.21230402637884e-05,2.79662623127991e-06,2.51903234084087,11.6464483207221,0.000380106367043664,1.0720186,1.0754609,0.00352810000000003,10.0418166666667,39.3731039170262,31.812666,8.27369950739174e-05,1.07358228049261,-1.80133333333357e-05,1.07589342,0.015538619,0.015693368,-4.23690000000004e-05,-3.7472797105057,-3.75059839427822,-3.91819820183861,-4.718059379141,-0.0105692009484114,-4.71805937914124,-3.07950675994816,-0.118589499998344,-0.118590319298409,-0.747595933131926,-3.06536249127809,-3.41866602106774,-5.50064498941185,-2.64112882784078,-4.37548029080715,-5.55336557314923,0.401233743265707,1.06619350391284,-3.42009485560403,0.0302023206247415,0.0315946255808295,-2.45245911378038,1.00181228820126,1.59519965306559,1.50260006585595,-4.08230025630145,0.0308353348407626,-4.74440591436961,0.0317692514433361,-1.80858758188843,-1.80428384119023,-4.37295178616674
110,850,4.3179548875635e-05,-0.00028510009744216,0.000146280461195945,-3.27620875977791e-05,0.955522940171963,-3.27620875977819e-05,-7.83042895341536e-05,0.747700965250124,0.747699916844484,0.174537365639942,0.000836689914101833,-0.000344050561355066,3.19193833737534e-06,-0.00332094769091806,-0.000235596168509907,3.3630383441066e-06,1.580113712901,7.82783543852763,0.000289861347034792,1.0604171,1.0640848,0.00378220000000007,10.0450223333333,38.3223715149175,31.88298,8.14215270936147e-05,1.06228531073892,-1.39860606060644e-05,1.06448423454545,0.014868693,0.015073455,-9.95479999999997e-05,-4.36472189933032,-3.54500263425636,-3.83481367907956,-4.48462843281791,-0.0197588819522408,-4.48462843281787,-4.10621444649907,-0.126272058697266,-0.126272667653419,-0.758111583294646,-3.07743546619574,-3.4633777292194,-5.49594550704446,-2.4787379650293,-3.6278317767395,-5.47326818099373,0.198688342086315,0.893641687081697,-3.53780969388511,0.0254767224331436,0.0269762395234604,-2.42225550970572,1.00195090666243,1.58345237681501,1.50355890673511,-4.08926075651188,0.0262411761034542,-4.8543045941551,0.0271392337399441,-1.82772720550864,-1.82178719125154,-4.00196746087705
111,541,-0.00120602979849505,-0.00203620673724034,0.000514218511030284,-0.00041497793171159,0.949940837804597,-0.000414977931711603,0.00503122709550309,0.737657684761339,0.737657026129446,0.170267894679881,0.00165785760342131,-0.000484743628882452,5.90665153383659e-06,-0.0105258389325571,-0.00483565233752985,1.19723479842439e-05,0.367620519291342,2.2566401797416,-0.00430626686622415,1.0518668,1.0486975,0.000831699999999991,10.0591416666667,39.7808147607183,31.972694,-0.000139926206896534,1.05347505724138,-0.000232523030303018,1.05568258727273,0.013169404,0.013169404,0.000435923000000001,-2.91864196154737,-2.69117812992832,-3.28885229351656,-3.3819749982053,-0.0223034416744029,-3.38197499820528,-2.29832607939499,-0.132145128838951,-0.13214551660733,-0.768867233880208,-2.78045277457233,-3.31448789026241,-5.22865864982885,-1.97774327988561,-2.31554493058213,-4.9218206685909,-0.434600255810693,0.353462316538788,-2.36589905975701,0.0219607477192977,0.0206502326868069,-3.08003329851662,1.00256092452371,1.59967367377234,1.50477923120574,-3.85410093851275,0.0226242574280581,-3.63353402583562,0.0235333582378737,-1.88043387920437,-1.88043387920437,-3.36059021630104
112,858,0.00026229804549556,-0.000148424670420338,0.000119759988035473,1.09593616441862e-05,0.955083142476713,1.09593616441868e-05,-0.000708301605307557,0.748315368354178,0.748314023988858,0.176721076970691,0.000931458758575899,-0.000341618993982252,3.2131008831791e-06,-0.00322655795509297,0.00034177440928038,3.6125691093878e-06,2.09006847659514,9.56315547104547,0.000815825125837222,1.0663688,1.0709194,0.00464569999999997,10.0416876666666,31.925505,30.393116,0.000117759852216781,1.06813106995074,-2.23515151515266e-06,1.07091959636364,0.014745088,0.014962286,-0.000165511,-3.58120494552728,-3.82849390675958,-3.92168825605285,-4.96021474169849,-0.0199588203040643,-4.96021474169847,-3.14978177390763,-0.125915335462682,-0.125916115683147,-0.752711650458243,-3.03083636923733,-3.46645799058152,-5.49307563849449,-2.49126052973521,-3.46626045865563,-5.44218383598939,0.320160515068105,0.980601216287387,-3.08840292338222,0.027907429929755,0.0297567860022977,-2.33294883856317,1.00180670909642,1.50413777569203,1.48277522762956,-3.92900274802591,0.0286245480705426,-5.65069303183209,0.0297568656344679,-1.83135263119625,-1.82500204809322,-3.78117313735323
113,935,0.000109365847734577,-0.000363991760620019,0.000264442607365245,-9.37419374745855e-06,0.96015818498843,-9.37419374746289e-06,-0.00022606151431524,0.752067193441649,0.752065328902065,0.178129164071259,0.000887876451983589,-0.000357718618313144,3.65166094168918e-06,-0.0046524926197018,-0.00100018822688651,3.36185641813178e-06,-0.184355405992832,3.40539981116817,0.000557126859610957,1.0687393,1.072304,0.00356469999999987,10.0436786666667,34.2126870728371,30.474829,8.0387783251262e-05,1.07035705064039,5.80606060608473e-06,1.07203854545454,0.015509814,0.015732529,-0.000114125999999999,-3.96111827632099,-3.43890844700413,-3.5776685694102,-5.02806607464954,-0.0176572115351677,-5.02806607464934,-3.64577336752277,-0.123743355635395,-0.123744432348039,-0.749264970158813,-3.05164746209835,-3.44645845537735,-5.43750955369781,-2.33231430712257,-2.99991826179427,-5.47342083882774,-0.734344122725981,0.532168107611764,-3.25404590328956,0.0288717796901767,0.0303179260339902,-2.44797701387016,1.00189280962373,1.53418718511979,1.4839412773892,-4.09480994714336,0.0295286741867303,-5.23611843513356,0.0302104008206137,-1.8093934103913,-1.80320145903839,-3.94261540404622
114,731,-0.000343664113710609,-0.000791266820021359,0.000401326994589643,-0.000170306685797652,0.959340917726697,-0.000170306685797658,0.00145156102936026,0.748770692173815,0.748768230045059,0.17781733582129,0.000764809832069447,-0.000290086981955851,1.82675379189151e-06,-0.00548188283243367,-0.00141915597935024,4.76587109188912e-06,0.440640794458887,4.25312446371671,-0.000522276986301806,1.0681812,1.0714082,0.00331740000000003,10.0464776666667,36.8215496494057,30.8163365546578,7.7824679802999e-05,1.06964316029557,-6.79636363634309e-06,1.07160116727273,0.015812302,0.015983483,-2.98320000000005e-05,-3.46386581564035,-3.10167704504432,-3.39650162719108,-3.76876830243063,-0.0180270316439206,-3.76876830243062,-2.83816469999269,-0.125651162769263,-0.125652590830887,-0.750025900933234,-3.11644653759119,-3.53747176031004,-5.7383199824933,-2.2610702511335,-2.84796986863818,-5.32185770870344,-0.355915298405741,0.628708092122544,-3.28209911056418,0.0286449301130763,0.0299549659131928,-2.47920215967762,1.00201382314324,1.56610206200677,1.4887810085335,-4.10888265747586,0.0292389184686148,-5.16772339245274,0.0300331780043198,-1.80100489963636,-1.79632857653291,-4.52531762964674
115,1284,6.96548100513252e-05,-0.000319354106027609,0.000172930967197102,-1.19935624233445e-05,0.955208125345263,-1.19935624233729e-05,-0.000367303114905072,0.746548393851876,0.74654671453411,0.175114707917852,0.000751745937132979,-0.000342519925142512,2.90540889047031e-06,-0.00317143024994893,-0.00061828481806042,1.58877452880122e-06,0.27736060564257,4.44629933829223,6.31455026314232e-05,1.060272,1.0627337,0.0025542999999999,10.0433013333334,34.298492,31.415869,5.23836945812996e-05,1.06155518157635,-1.65721212121013e-05,1.06313964909091,0.015279103,0.015511206,-0.000153993,-4.15704888775949,-3.49572749562101,-3.76212722952199,-4.92105180013669,-0.0199019919332965,-4.92105180013566,-3.43497538861537,-0.126942034554348,-0.126943011475959,-0.756677375907933,-3.12392891039804,-3.465314159565,-5.5367927388748,-2.4987448357076,-3.20881141744021,-5.79893773139259,-0.556955223028402,0.647998697362614,-4.19965757546351,0.0254172925719513,0.0264244525670899,-2.59272809662111,1.00187649320538,1.5352750258598,1.49714907731585,-4.28080387437801,0.0259425745088279,-4.78062189883777,0.026590315178175,-1.81590214141381,-1.80935443437315,-3.81249902027047
116,1158,2.31601794935194e-05,-0.000385761845598294,0.000163572305538206,-3.11734001221031e-05,0.953507926007852,-3.11734001221023e-05,7.99680075674648e-05,0.746172144338292,0.746170491589189,0.17498602989649,0.000716409492517141,-0.000258469900811166,2.0918526055942e-06,-0.00324259300995089,-0.000956879912830757,1.71513708021199e-06,0.497104316311451,4.14753965973091,-0.000303500301922055,1.061535,1.0639505,0.0027431,10.0441846666666,38.845943,31.956257,5.24290147783327e-05,1.06297788403941,-3.07878787878697e-05,1.06490343090909,0.015220164,0.015438841,-0.000106907999999999,-4.63525807910941,-3.41368072916893,-3.78629022493164,-4.5062158260923,-0.0206756925422894,-4.50621582609231,-4.09708372445585,-0.12716096781995,-0.127161929770374,-0.75699662206254,-3.14483866832761,-3.58759002383778,-5.67946891962898,-2.48910755784092,-3.01914256218908,-5.76570116378417,-0.303552465905243,0.617790547540266,-3.51784087255242,0.0259343179144323,0.0269214229995079,-2.56175835985571,1.00191468880563,1.58934566857538,1.50455590520258,-4.28042830326956,0.026524228832268,-4.51162023193011,0.0273102262490737,-1.81758066793921,-1.81138530543793,-3.97098979501706
117,1093,4.1649440035603e-05,-0.000281833782971641,0.000186959908211723,-4.10588018229711e-05,0.959737113411669,-4.10588018229668e-05,0.000239479056173832,0.749258736400797,0.749256767177132,0.1759409855672,0.000671399154327255,-0.000221863421429833,2.13129077668182e-06,-0.00322041951492058,-0.000652478529976133,1.81086784188572e-06,0.818731980292538,5.75093534089799,0.000265107394897823,1.0633804,1.0653087,0.00204939999999998,10.0431486666667,38.396227847155,31.761244,4.30630049261244e-05,1.06437178847291,3.49090909091552e-06,1.06523512181818,0.015308049,0.01549053,-7.60150000000005e-05,-4.38039083317874,-3.55000694991087,-3.72825151383337,-4.38659372835229,-0.017847710533064,-4.38659372835233,-3.62073246214864,-0.125368184453672,-0.125369325880597,-0.754632979574527,-3.173019210111,-3.65391429389534,-5.67135729449346,-2.49208755030799,-3.18543377435949,-5.74211324357556,-0.0868582454070449,0.759738484751425,-3.57657815790053,0.0266886512289665,0.0274754737654479,-2.6883732681295,1.00186989151211,1.58428856015829,1.50189750420075,-4.36589566849067,0.0270933549126897,-5.45706146078989,0.0274454771063436,-1.81508015629889,-1.80993372283875,-4.11910070016075
118,923,0.000173098212278379,-0.000181526150300964,9.52510081652349e-05,2.08541767562459e-05,0.950261491592284,2.08541767562297e-05,-0.000694474799588192,0.744179598809945,0.744178036815676,0.173617077392796,0.000857146493469441,-0.000329119876274007,3.3980410183423e-06,-0.00281513755075513,-0.000494690326479406,1.67494952227568e-06,1.18973034257204,6.63837032552598,0.000290282901590055,1.0575287,1.0602868,0.00307609999999992,10.043801,39.2466194006026,31.939495,6.90852216748947e-05,1.05886162955665,-3.82290909090705e-05,1.06137438181818,0.015083324,0.015267849,-8.82880000000006e-05,-3.76170741740274,-3.74106080251029,-4.02113041892498,-4.68080694977771,-0.0221568697333402,-4.68080694977804,-3.15834350888728,-0.128322240046427,-0.128323151608911,-0.76040755880995,-3.06694494719186,-3.48264588891359,-5.46877138299134,-2.55050038018227,-3.3056665820508,-5.77599827670323,0.0754485378599379,0.822061476130185,-3.5371785444776,0.0242921624135074,0.0254233547083394,-2.51199955029381,1.0018980993557,1.59380225372091,1.50432804516354,-4.16061484454278,0.0248392108664087,-4.41760602941672,0.025868600940559,-1.82150293991323,-1.81622214390181,-4.05409832120091
119,1935,5.67286177240535e-05,-0.000237154697759508,-1.12746649743384e-05,-1.15221053620433e-05,0.95759208741904,-1.15221053620432e-05,-0.000269589461748845,0.749759771993302,0.749756885604854,0.178873353788647,0.000722783256991139,-0.000247643117843383,2.21910965613635e-06,-0.00269470490879131,-0.000101009143064345,3.69850530267515e-06,2.0788804504599,9.07982507432078,2.47515598565951e-05,1.0701473,1.0725199,0.00250930000000005,10.044471,37.5704869851187,30.966864,4.90140886699849e-05,1.07139609871921,-1.18545454545134e-05,1.07280623090909,0.015742945,0.015988033,-0.000115897,-4.24619779852819,-3.62496826805692,-4.94789635427997,-4.93846815775515,-0.0188194511610087,-4.93846815775515,-3.56929708837476,-0.125077865154815,-0.125079537083659,-0.747454350122715,-3.14099191626686,-3.6061737368282,-5.65382123680437,-2.56948878650708,-3.99563931331958,-5.43197375429859,0.317829515210056,0.958077481782207,-4.60639742639647,0.0294435600911079,0.0304053590199427,-2.60044741339406,1.00192706922458,1.5748468243841,1.4908972267822,-4.3096790678863,0.02995006064072,-4.9261150937635,0.0305212872536624,-1.802914021811,-1.79620496400819,-3.93592780562664
120,1156,0.000246432310586474,0.000201290773735954,-0.000103058173523988,0.000110922651047093,0.928355267846268,0.00011092265104709,-0.00181882880263149,0.731071974769674,0.731069687008502,0.171938562742387,0.00101981507747361,-0.000289174701390287,4.04689015384308e-06,-0.0019746082757407,0.000369558453076339,2.66826901759612e-06,2.38736055122157,10.4551249919659,0.000805205430210787,1.0474036,1.0513413,0.00410700000000008,10.043833,36.4419200804087,30.9973161982532,0.000112604581280812,1.04874175773399,-1.92521212121195e-05,1.05185694909091,0.015480768,0.015740704,-0.000155274,-3.6083023509335,-3.69617613076158,-3.98691755870672,-3.95497975934873,-0.0322857938899228,-3.95497975934874,-2.74020817700658,-0.136039864209647,-0.136041223259975,-0.76462670790868,-2.99147857148682,-3.53883970421011,-5.39287858365569,-2.70451904715537,-3.43231685945926,-5.5737703865367,0.377918013301358,1.01932922921458,-3.09409330494256,0.0201140622687781,0.0217437252049879,-2.38647529714634,1.00189948303517,1.5616012513514,1.49132409348763,-3.94844393999531,0.0206685606451354,-4.71552141265077,0.0219566804595524,-1.81020749779469,-1.80297584780427,-3.80890125902899
121,796,0.000121674318418759,-7.76250581919624e-05,0.000221552154726033,9.1541701751811e-05,0.946241641209518,9.15417017517922e-05,-0.00203610255964796,0.741885576133132,0.741883587947586,0.175605890484609,0.00105850344264306,-0.00063764853080153,5.54592137010933e-06,-0.00264886945542753,-0.000229143092215993,1.28481687650178e-06,-0.469891753629741,2.56170774277631,0.00104965824669256,1.0593235,1.0637128,0.00450399999999984,10.043563,37.2213665412467,30.658075,0.000110351133004951,1.0612557991133,7.55696969699593e-06,1.06351690727273,0.015254971,0.015561919,-0.000234305000000001,-3.91480107785866,-4.10999806124449,-3.65452402184056,-4.03838101833922,-0.0239979438909363,-4.03838101833931,-2.6912003501234,-0.129663072464913,-0.129664236335995,-0.755460920308875,-2.97530772515666,-3.19541863662884,-5.25602629212738,-2.57693944456592,-3.6398932305322,-5.89115876742385,-0.328002176565736,0.408529580935776,-2.97895207782045,0.0250286067650781,0.0268243852785698,-2.34640161815673,1.00188780810128,1.57079231372833,1.48654488231472,-3.95722320346044,0.0258200764119856,-5.12165231927407,0.0267443984953376,-1.81658861362314,-1.80793684952351,-3.63021844358724
122,786,5.70507799326753e-05,-0.000303181231778579,0.000152284514173663,1.7350053765787e-07,0.935422697851061,1.73500537651033e-07,-0.000750472511082439,0.731306249388244,0.731297761598249,0.17673168937369,0.000907407867891655,-0.000486955937342699,4.98465923399266e-06,-0.00384030552724657,-0.000336739197185511,4.11085065680144e-06,1.40747301134316,7.42803955661689,0.000433361301028112,1.0505219,1.0547055,0.00418360000000018,10.0429743333334,36.5809684859317,30.4706370160086,0.000102792758620717,1.0521506537931,2.42327272727316e-05,1.05393008545455,0.017006677,0.01854171,-0.000173131999999999,-4.24373841403031,-3.51829768690305,-3.81734425786467,-6.76069917504323,-0.028992096227953,-6.76069917506034,-3.12466521082091,-0.135900715290052,-0.135905755889326,-0.752685571114679,-3.04219745940203,-3.31251033454445,-5.30236452598926,-2.41563422263276,-3.47270632783356,-5.3860683004284,0.148440075894884,0.870874207826856,-3.36314987358921,0.0214051104783022,0.0231312107430476,-2.37844984567451,1.00186235277458,1.56325519929589,1.48388153363342,-3.9880374787438,0.0220779293867194,-4.61559770543145,0.022811802045043,-1.76938053656653,-1.7318502157515,-3.76162265402518
123,940,0.0002090869309159,-0.000121069112737323,0.000119588935984061,4.1792387388348e-05,0.955987660937535,4.17923873883313e-05,-0.000900391524112169,0.749540497507089,0.749538337028951,0.178951066974165,0.000907737259875272,-0.000292853564063134,2.97101766426344e-06,-0.0024165368948984,-1.1187791133375e-05,2.97659330687775e-06,2.48421500751149,11.6786381761637,0.000390812977044686,1.06972,1.0737871,0.0040671000000001,10.0434356666666,36.4213674627065,30.183569,0.000110818719211846,1.07115353497537,6.72181818184291e-06,1.07356088363636,0.01551657,0.015722955,-0.000105745000000001,-3.67967311212967,-3.91696664033105,-3.92230899813471,-4.37890281909397,-0.0195477131855355,-4.37890281909415,-3.04556860190857,-0.1252048973471,-0.12520614916083,-0.747265707837761,-3.0420398377108,-3.53334948618773,-5.52709476607943,-2.61680656980775,-4.95125565013653,-5.52628049912701,0.395189181091838,1.06739220347338,-3.40803102385468,0.029270115658751,0.0309181822380695,-2.39071514922946,1.00188230203589,1.56135624761922,1.47977059081943,-3.95538687350875,0.0298517253730054,-5.17251323891954,0.0308266791192868,-1.80920427500471,-1.80346582855171,-3.97574015845643
124,1801,0.000157333634365177,-2.73206360941976e-05,2.03553569299643e-05,6.31871416107277e-05,0.959947778468211,6.31871416107182e-05,-0.00112763571831302,0.751383746791176,0.751381649028032,0.178383890157048,0.000787065737259327,-0.000346185065874758,3.24415646398292e-06,-0.00125691460127364,0.0003009140753607,1.60583418734687e-06,2.84451215178623,12.7822315039388,0.000514211677432819,1.0695485,1.0720119,0.00246339999999989,11.03765,34.6316442001514,30.620083,4.69703448276173e-05,1.07054407448276,2.29818181819567e-06,1.07151653636364,0.015557319,0.015742011,-7.95399999999995e-05,-3.80317842513424,-4.56350919338787,-4.69132127789009,-4.19937129031992,-0.0177523921062322,-4.19937129031998,-2.9478311761309,-0.124138203410574,-0.124139415904501,-0.748644369308617,-3.10398899300726,-3.460691671146,-5.48889820815825,-2.90069422864303,-3.52155749750912,-5.79429930042595,0.454007793418408,1.10660667895911,-3.288858065019,0.0292004829746761,0.0301996063228425,-2.60846506291199,1.04287661862228,1.53947311095754,1.48600636357952,-4.3281762514799,0.0296045519766727,-5.63861561554526,0.0299988777540132,-1.8080652430678,-1.80293978846897,-4.09941441335004
